category,is_closed,latitude,longitude,name,rating,review_count
newamerican,,34.046195,-118.261698,464,4,2395
coffee,,34.0795678,-118.3092849,101 Coffee Shop,4.5,403
mediterranean,,34.0489812,-118.2589574,10e,4,612
mediterranean,,34.0489812,-118.2589574,25 Degrees,4,614
burgers,,34.101411,-118.341748,33 Taps Silver Lake,3.5,1853
burgers,,34.101411,-118.341748,6th & La Brea Brewery & Restaurant,3.5,1854
sportsbars,,34.0908543,-118.2783261,71 Above,4.5,324
italian,,34.08347702,-118.3664856,77 Kentucky,4,169
ramen,,34.0484525,-118.2390921,800 Degrees Woodfired Kitchen,4,2681
sportsbars,,34.0908543,-118.2783261,A Food Affair,4.5,326
burgers,,34.07905579,-118.3611374,A-Frame,4,1499
breweries,,34.06469,-118.34368,ACA Grill,4,298
breweries,,34.06469,-118.34368,Ackee Bamboo Jamaican Cuisine,4,299
tradamerican,,34.0511203,-118.2543221,Adamae,4,1707
french,,34.051909,-118.3843212,Aduke African cuisine,4.5,1239
breakfast_brunch,,34.097807,-118.362255,Aeirloom Bakery,4,5741
newamerican,,34.04608,-118.23489,Agra Cafe,4,859
french,,34.051909,-118.3843212,Ahgassi Gopchang,4.5,1241
argentine,,34.0574375,-118.2937431,AJ's Tex-Mex & Barbecue,4.5,430
argentine,,34.0574375,-118.2937431,Al & Bea's Mexican Food,4.5,430
caribbean,,34.00574,-118.33183,AL Basch Chicken,4,343
caribbean,,34.00574,-118.33183,Al Wazir Chicken,4,343
newamerican,,34.07619,-118.25656,Alamo Drafthouse Cinema Downtown Los Angeles,4.5,53
newamerican,,34.07619,-118.25656,Alaska Seafood,4.5,53
african,,34.05272,-118.37456,Alchemist Coffee Project,4,71
african,,34.05272,-118.37456,Alcove Café & Bakery,4,69
mexican,,34.021171,-118.21276,Alfred Coffee Melrose Place,4.5,830
korean,,34.06340679,-118.3038818,Alibi Room,4.5,1291
korean,,34.06340679,-118.3038818,Aliki's Greek Taverna,4.5,1292
seafood,FALSE,34.0728,-118.37363,Alimento,4.5,664
tex-mex,,34.15779307,-118.3973857,All About the Bread,4.5,194
tex-mex,,34.15779307,-118.3973857,All Time,4.5,195
chicken_wings,,34.0674543,-118.3096191,All' Angolo Pizza & Pasta,4.5,552
mexican,,34.04534,-118.21398,All'Acqua,4,680
mediterranean,,34.09850002,-118.3493066,Almaza,5,219
mideastern,,34.10203,-118.32191,Aloha Café,4,550
movietheaters,,34.04809,-118.2589433,Alta West Adams,4.5,107
movietheaters,,34.04809,-118.2589433,Amacita,4.5,110
movietheaters,,34.04809,-118.2589433,Amphai Northern Thai Food,4.5,111
seafood,,34.07649,-118.30151,Anarkali Indian Restaurant,4.5,126
seafood,,34.07649,-118.30151,Andre's Italian Restaurant,4.5,127
seafood,,34.07649,-118.30151,Angelini Osteria,4.5,127
coffee,,34.060212,-118.291328,Angry Birdz,4.5,1058
coffee,,34.060212,-118.291328,Angry Chicken,4.5,1059
tapasmallplates,FALSE,34.10052,-118.32927,Angry Chickz,4.5,967
coffee,,34.060212,-118.291328,Animal,4.5,1059
bakeries,,34.106215,-118.28776,Antequera De Oaxaca,4,4185
bakeries,,34.106215,-118.28776,Antico Restaurant,4,4186
korean,,34.06309902,-118.2971334,Antigua Coffee House,4,729
italian,,34.103042,-118.291857,Anzu Japanese Gourmet,4,945
lounges,,33.99689,-118.42654,AOC,4,1466
lounges,,33.99689,-118.42654,Apollonia's Pizzeria,4,1466
lounges,,33.99689,-118.42654,Arashi Sushi,4,1467
lounges,,33.99689,-118.42654,Araya's Place - Thai Vegan Restaurant,4,1467
sushi,,34.04529488,-118.2384584,Arctic Hotspot Bakery & Cafe,4,1032
greek,,33.95247039,-118.385242,Ariyoshi Sushi Cafe Izakaya,4.5,1016
greek,,33.95247039,-118.385242,Aroma Cafe,4.5,1015
sandwiches,,34.0836847,-118.344759,Asian Box,4,990
newamerican,,34.08695394,-118.376753,Aslan Mediterranean Cuisine,3.5,2274
french,FALSE,34.07208,-118.36749,Asso Pasta Bar & Wine,4,2033
korean,,34.06190712,-118.3096816,Asuka,4,626
coffee,,34.1088282,-118.2872851,Atlacatl Restaurant,4.5,231
italian,,34.1184299,-118.25971,Atrium,4,575
newamerican,FALSE,34.054358,-118.251339,Atwater Village Tavern,4,1877
italian,,34.1184299,-118.25971,Au Lac,4,575
mediterranean,,34.02948,-118.38901,Auburn,4,537
mediterranean,,34.02948,-118.38901,Ave 26 Taco Stand,4,537
foodtrucks,,34.034644,-118.241766,Awash Restaurant,4,978
burgers,,34.069511,-118.276321,Awesome Coffee,4,1207
breakfast_brunch,,34.0472167,-118.238885,Ay-Do-No Korean BBQ,4,656
breakfast_brunch,,34.0472167,-118.238885,Ayara Thai Cuisine,4,656
soulfood,,34.03278,-118.35994,Azay,4,234
soulfood,,34.03278,-118.35994,Azla,4,235
thai,,34.10199,-118.30323,Baby's Badass Burgers,4,888
tex-mex,,34.023008,-118.39482,Bacari W 3rd,4,42
thai,,34.098273,-118.306147,Bacari W. Adams,5,49
thai,,34.098273,-118.306147,Backyard Bowls,5,50
indpak,,34.08366,-118.34327,Bäco Mercat,4,2529
indpak,,34.08366,-118.34327,Badmaash - Downtown LA,4,2530
indpak,,34.08366,-118.34327,Badmaash - Fairfax,4,2530
indpak,,34.08366,-118.34327,Baja's Grill,4,2531
french,,34.07206,-118.36735,Baldoria,4,1813
vegan,,34.04565336,-118.2324523,Bamboo Restaurant,4,915
tradamerican,FALSE,34.0511203,-118.2543221,Banditos Tacos & Tequila,4,1708
indpak,,34.08366,-118.34327,Banh Oui,4,2531
italian,,34.0711906,-118.3599417,Bao Dim Sum House,4,1163
italian,,34.0711906,-118.3599417,Bao Hiroo,4,1164
italian,,34.0711906,-118.3599417,BaoHaus,4,1164
italian,,34.07642,-118.34909,BAR Ama,4.5,1724
wine_bars,FALSE,34.0734651,-118.3818814,Barbara's At The Brewery,4,2204
italian,,34.07642,-118.34909,Barbrix Restaurant & Wine Bar,4.5,1725
italian,,34.07642,-118.34909,barcito,4.5,1725
italian,,34.07642,-118.34909,Barkada,4.5,1726
italian,,34.07642,-118.34909,Baroo,4.5,1726
southern,,34.102039,-118.299858,Barton G - Los Angeles,4.5,725
southern,,34.102039,-118.299858,Bavel,4.5,726
chicken_wings,,34.04787729,-118.3254493,BBQ + Rice,4.5,135
newamerican,,34.079289,-118.361585,BBQ + RICE Korean BBQ Bowls,4,3322
mexican,,34.083399,-118.313686,BCD Tofu House,4,189
italian,,34.07657,-118.31101,Beachwood Cafe,4,49
breakfast_brunch,,34.09019089,-118.2777252,Beauty & Essex,4,1628
italian,,34.07657,-118.31101,Beelman's,4,49
wine_bars,,34.0734651,-118.3818814,Beer Belly,4,2204
pizza,,34.06188,-118.34278,Beetle House LA,4,389
pizza,,34.06188,-118.34278,Beignet Box,4,390
sushi,,34.04210281,-118.2636871,Belizean Paradise,4,727
vegan,,34.0763201,-118.3659884,Benny's Tacos & Chicken Rotisserie,4.5,615
sushi,,34.06194,-118.34573,Bento Man,4,1033
mediterranean,,34.0399268,-118.4233433,Berlins,4,306
mediterranean,,34.10262892,-118.2919436,Berry Que,4.5,904
mediterranean,,34.0399268,-118.4233433,Best Fish Taco In Ensenada,4,306
mediterranean,,34.0399268,-118.4233433,Bestia,4,307
gluten_free,,34.05293432,-118.2571827,BESTIES Vegan Paradise,4,162
salvadoran,,34.07655,-118.294522,Beut,4,466
newamerican,,34.1040989,-118.291367,Beverly Soon Tofu Restaurant,4,257
mexican,,34.05241,-118.30071,Bhan Kanom Thai,4,2120
sushi,,34.08366,-118.34331,Bibi's Bakery & Cafe,4,627
newamerican,,34.1040989,-118.291367,BIBIBOP Asian Grill,4,258
vegan,,34.05635905,-118.2509367,Biergarten,4,873
vegan,,34.05635905,-118.2509367,Big Ants BBQ,4,875
newamerican,,34.08369,-118.33988,Bird on the Tree Cafe,4.5,72
newamerican,,34.08369,-118.33988,Bird's Nest Cafe,4.5,72
foodstands,,34.08296202,-118.2170077,Birdies,4.5,1297
foodstands,,34.08296202,-118.2170077,Birds Rotisserie Chicken Cafe & Bar,4.5,1299
bbq,,34.10183154,-118.3184482,Biriyani Kabob House,4,468
thai,,33.95878,-118.39451,Birrieria Don Boni,4,1977
thai,,33.95878,-118.39451,Birrieria Los Gonzalez,4,1977
french,,34.084159,-118.338194,BKK101 Thai Cuisine,4,808
newamerican,,34.09526,-118.29498,BKLA,4,1634
thai,,33.95878,-118.39451,Black Hogg Sandwiches,4,1979
korean,,34.0691149,-118.3073944,Black Sheep Burgers,4,853
thai,,33.95878,-118.39451,Blackbird Pizza Shop,4,1979
japanese,,34.05074824,-118.2417126,Blackship,5,17
ethiopian,,34.0173639,-118.2783144,Blacksmiths,4.5,376
newamerican,,34.07172,-118.36485,Blair's Restaurant,4.5,253
korean,,34.0693,-118.29253,Bloom Cafe,4.5,503
vegan,,34.0763201,-118.3659884,Blossom Restaurant,4.5,615
sandwiches,,34.0835949,-118.3420061,Blossom Vietnamese Restaurant,5,5
coffee,,34.116939,-118.261573,Blu Elefant Cafe,4,850
newamerican,,34.07172,-118.36485,Blu Jam Cafe,4.5,255
italian,,34.03447,-118.28341,Blu Jam Café,4,1353
vegetarian,,34.0762049,-118.3702675,Bludso's Bar & Que,4.5,456
vegetarian,,34.0762049,-118.3702675,Blue Cow Kitchen & Bar,4.5,456
mediterranean,,34.0477539,-118.2473573,Blue Palms Brewhouse,4,2535
mediterranean,,34.0477539,-118.2473573,Bluestone Lane,4,2535
indpak,,34.05099796,-118.2449263,Bo Daddy’s BBQ,4,1714
tikibars,FALSE,34.10187,-118.33383,BOA Steakhouse,4.5,359
vegan,,34.08279,-118.32404,Bodhi Bowl,4,2076
indpak,,34.05099796,-118.2449263,Bolt,4,1715
ramen,,34.04987591,-118.2423097,Bon Juk,3.5,3010
indpak,,34.07878,-118.36113,Bon Shabu,4,214
seafood,,34.06107,-118.29325,Bon Temps,4,27
sandwiches,,34.09954004,-118.3291696,BongChu,4.5,150
argentine,,34.0839249,-118.3630799,Boo's Philly Cheesesteaks - Koreatown,4.5,964
sandwiches,,34.09954004,-118.3291696,Boo's Philly Cheesesteaks - Silverlake,4.5,151
sandwiches,,34.0835949,-118.3420061,Boolieya,5,4
mideastern,FALSE,34.04151,-118.23261,Bootleg Pizza,4.5,1069
sandwiches,,34.0835949,-118.3420061,Border Grill Downtown LA,5,4
tradamerican,,34.093984,-118.327639,Bossa Nova Brazilian Cuisine,4,1677
sandwiches,,34.0835949,-118.3420061,Bossa Nova on Sunset,5,5
sandwiches,,34.0835949,-118.3420061,Botanica Restaurant & Market,5,5
dimsum,,34.07577,-118.36982,Bottega Louie,4,2772
dimsum,,34.07577,-118.36982,Bourgeois Pig,4,2775
dimsum,,34.07577,-118.36982,Bowery Bungalow,4,2775
korean,,34.05786,-118.30274,Braazo Pizza,4,1798
dimsum,,34.07577,-118.36982,Brera Ristorante,4,2779
seafood,FALSE,34.083628,-118.330168,Breva Restaurant,4.5,2631
dimsum,,34.07577,-118.36982,BROKEN MOUTH | Lee's Homestyle,4,2779
japanese,,34.04727,-118.23464,Broken Shaker Los Angeles,4.5,58
japanese,,34.04727,-118.23464,Broken Spanish,4.5,59
taiwanese,,34.0615395,-118.2397114,Brothers Bbq,4,525
tex-mex,,34.0483374,-118.2477806,Brothers Sandwich Shop,4,1184
tex-mex,,34.0483374,-118.2477806,Brothers Shabuhouse,4,1185
wine_bars,,34.10406977,-118.27294,Brownstone LA,4,1137
wine_bars,,34.10406977,-118.27294,Buca di Beppo Italian Restaurant,4,1138
cocktailbars,,34.040358,-118.2634197,Buil Samgye Tang,4,312
chinese,,34.02843528,-118.2757835,Bulan Thai Vegetarian Kitchen,4,58
cocktailbars,,34.040358,-118.2634197,Bulgogi Hut,4,312
tapasmallplates,,34.0941,-118.32734,Buna Ethiopian Restaurant & Market,4.5,279
tapasmallplates,,34.0941,-118.32734,Bunker Hill Bar & Grill,4.5,280
tapasmallplates,,34.0941,-118.32734,Burger Lounge,4.5,280
newamerican,,34.09053,-118.29057,Burgerim,4,24
newamerican,,34.08695394,-118.376753,Burgerlords Chinatown,3.5,2273
newamerican,,34.08695394,-118.376753,Burgers Never Say Die,3.5,2274
mideastern,,34.04151,-118.23261,bushi by JINYA,4.5,1065
mideastern,,34.04151,-118.23261,Button Mash,4.5,1064
korean,,34.05286,-118.29235,by CHLOE. Silver Lake,4,1455
mideastern,,34.04151,-118.23261,Byul Gobchang,4.5,1064
gastropubs,,34.09883,-118.32908,C&M Cafe,3.5,1725
beer_and_wine,,34.075313,-118.323881,CaCao Mexicatessen,4.5,887
mideastern,,34.04151,-118.23261,Cactus Taqueria #1,4.5,1066
asianfusion,FALSE,34.0404035,-118.2535117,Cafe Angelino,5,664
korean,,34.06286026,-118.2975703,Cafe Beaujolais,4.5,1557
mideastern,,34.04151,-118.23261,Cafe Brasil,4.5,1066
korean,,34.09049,-118.31391,Cafe Creole,5,78
italian,,34.07642,-118.34909,Cafe Dulce,4.5,1726
korean,,34.0981449,-118.3504349,Cafe Gratitude,4.5,229
korean,,34.0981449,-118.3504349,Cafe Gratitude - Larchmont,4.5,229
icecream,,34.04756325,-118.3279804,Cafe Korobokgur,4.5,444
mexican,,34.13166,-118.35262,Cafe London Monochrome,4.5,657
korean,,34.06208625,-118.3026584,Cafe Los Feliz,4,3973
vegetarian,,34.06217,-118.23561,Cafe Mak,4.5,639
korean,,34.06208625,-118.3026584,Cafe Midi,4,3978
spanish,,34.0699736,-118.376559,Café Stella,4,3783
korean,,34.063681,-118.306458,Cafe Teragram,3.5,2173
vegan,,34.10768,-118.26677,Café Tropical,4.5,830
korean,,34.06208625,-118.3026584,Cafe Vida - Culver City,4,3979
mexican,,34.0634262,-118.2456717,Cafe Vietnam Truck,4,870
korean,,34.056163,-118.309877,Cafecito Organico,4.5,416
japanese,,34.04002,-118.44326,Calavera Burrito Co.,4,1240
newamerican,,34.11993,-118.32132,CALI PHO NIA,3.5,406
vegan,,34.04552,-118.25087,California Chicken Cafe,4.5,312
gastropubs,FALSE,34.06207586,-118.3455771,California Ramen Factory,4,1081
vegan,,34.04552,-118.25087,Calle Tacos,4.5,312
gastropubs,,34.064332,-118.308546,Candela,4,2350
thai,,34.09784367,-118.3183377,Canter's Deli,4.5,1712
gastropubs,,34.064332,-118.308546,Cantinho Brasileiro,4,2350
mediterranean,,34.0477539,-118.2473573,Cardamom Indian Cuisine,4,2535
newamerican,,34.102131,-118.336288,Carlitos Gardel Argentine Steakhouse,3.5,1826
newamerican,,34.102131,-118.336288,Carnes Asadas Pancho Lopez,3.5,1829
newamerican,,34.102131,-118.336288,Carney's Sunset Strip,3.5,1833
desserts,,34.1431,-118.3964,Carnitas Michoacan,5,3
caribbean,,34.0514736,-118.3442814,Carousel Restaurant,4.5,144
mexican,,33.95998,-118.41685,Carrera Cafe,4.5,1920
sandwiches,,34.04762,-118.32758,Casa Bianca Pizza Pie,4.5,830
mexican,,33.95998,-118.41685,Casa Fina Restaurant & Cantina,4.5,1921
mexican,,33.95998,-118.41685,Casa La Doña,4.5,1925
japanese,,34.04511261,-118.3088303,Casa Noodle Teriyaki,4,230
bubbletea,,34.07295286,-118.3755598,Casa Sanchez,4.5,915
bubbletea,,34.07295286,-118.3755598,Cascabel,4.5,916
mexican,,34.1010002,-118.2872851,Cassell's Hamburgers,4,2121
vietnamese,,34.0672573,-118.2356333,Castle BBQ,4,1378
italian,,34.03402,-118.22919,Castle's Catering,4.5,5847
italian,,34.03402,-118.22919,Catch 56,4.5,5849
italian,,34.03402,-118.22919,Cattle & Claw,4.5,5849
italian,,34.03402,-118.22919,CAVA,4.5,5853
italian,,34.03402,-118.22919,Caveman Kitchen,4.5,5853
shavedice,,34.07606119,-118.3453605,Cena Vegan,4.5,650
vegan,,34.09523,-118.29584,Ceviche Project,5,38
korean,,34.06577,-118.30847,Chadolpoong,4.5,30
korean,,34.05286,-118.29235,Chakan Sul Lung Tang,4,1455
desserts,,34.1431,-118.3964,Chan Dara Restaurant,5,3
korean,,34.05286,-118.29235,Charlie's Famous Fried Chicken,4,1454
korean,,34.0981349,-118.3274954,Charlie's Fish & Chips,4,114
gastropubs,,34.07485257,-118.308903,Chef Kang Food Rehab,4,779
brazilian,,34.0982846,-118.3466992,Cherry Pick Cafe,3.5,3067
bbq,,34.10393479,-118.2377386,Chi Spacca,4.5,90
bbq,,34.10393479,-118.2377386,Chibiscus Asian Cafe,4.5,91
ramen,,34.0401532,-118.4424537,Chicas Tacos,4,1692
coffee,,34.062402,-118.343631,Chicharroland,4.5,112
cafes,,34.0344334,-118.2916849,Chichen Itza Restaurant,4,693
bars,FALSE,34.101795,-118.3323928,ChiMac Star,4,931
italian,,34.08335868,-118.3247249,Chimney Coffee House,4,1523
chickenshop,,34.04183631,-118.2590469,Chin's Hawaiian Teriyaki Bbq Chicken,4,1733
wine_bars,,34.0734651,-118.3818814,Chinchikurin,4,2204
chickenshop,,34.04183631,-118.2590469,Chinchikurin - Little Tokyo,4,1735
chickenshop,,34.04183631,-118.2590469,Chinese Friends Restaurant,4,1738
korean,FALSE,34.0691149,-118.3073648,Choeng Wun Korean BBQ Buffet Restaurant,5,9
sushi,,34.06194,-118.34573,Choi Ga Nei Korean BBQ,4,1032
newamerican,,34.10538345,-118.3189041,Chosun Galbee,4,916
vegan,,34.09751546,-118.3652657,Chung Ki Wa,4.5,979
pakistani,,34.0693318,-118.2925028,Chungchun Rice Hotdogs,4.5,811
pakistani,,34.0693318,-118.2925028,Chunju Han-il Kwan,4.5,812
mexican,,34.04714,-118.21799,Churros La Paloma,4.5,416
mexican,,34.04714,-118.21799,Cielito Lindo,4.5,415
mexican,,34.04714,-118.21799,Cilantro Lime,4.5,415
ramen,,34.0505289,-118.2486189,CJ's Cafe,4.5,909
mexican,,34.04714,-118.21799,Clayton's Public House,4.5,416
mexican,,34.02362,-118.26508,Clementine,4,161
mexican,,34.02362,-118.26508,Cleo Hollywood,4,161
korean,FALSE,34.06404114,-118.288063,Cleo Third Street,4.5,464
sandwiches,,34.0825531,-118.2731253,Cliff's Edge,4.5,189
mediterranean,,34.04507954,-118.2607108,Cocobella Creamery,4,1350
pizza,,34.08387,-118.35253,COD Restaurant,4.5,231
newamerican,,34.0888,-118.3769,Coffee Attic,4,162
newamerican,,34.0888,-118.3769,Coffee For Breakfast,4,163
newamerican,,34.04716,-118.24708,Coffee MCO,4.5,587
newamerican,,34.04716,-118.24708,Cole's French Dip,4.5,587
gastropubs,,34.064332,-118.308546,Colorado Donuts,4,2350
italian,,34.10851,-118.26806,Colori Kitchen,4,498
breakfast_brunch,,34.04676,-118.25099,Combo A,4,923
breakfast_brunch,,34.04676,-118.25099,Comfort Kitchen,4,923
breakfast_brunch,,34.04676,-118.25099,Comfort LA,4,928
breakfast_brunch,,34.04676,-118.25099,Commerson,4,928
newamerican,,34.08371444,-118.3505714,Concerto,4,5065
delis,,33.98800555,-118.3626715,Coppelia's Bakery & Cafe,4.5,725
newamerican,,34.08371444,-118.3505714,Coral Fish Poke Shop,4,5072
bbq,,34.0821746,-118.3442326,Corn Man,4,1883
bbq,,34.0821746,-118.3442326,Corner Place,4,1885
newamerican,,34.05187005,-118.2520536,Cosa Buona,4,1268
vietnamese,,34.04721535,-118.2561958,Cousins Maine Lobster - Los Angeles,4,1449
newamerican,,34.05187005,-118.2520536,Cow Cafe,4,1269
pubs,,34.1015151,-118.3233109,Crab House,4,854
pubs,,34.1015151,-118.3233109,Craft,4,855
coffee,,34.071382,-118.343837,Crawford's,4,116
coffee,,34.071382,-118.343837,Crepes De Paris,4,116
latin,,34.057823,-118.308776,Crispy Crust Hollywood,4,790
bbq,,34.03579025,-118.2639037,Crispy School,5,31
coffee,,34.10154753,-118.3131838,Crossroads,4.5,348
newamerican,,34.0596002,-118.4143396,Crown Of India,4,1665
coffee,,34.10154753,-118.3131838,Crumbs & Whiskers - Kitten & Cat Cafe,4.5,349
japanese,,34.06332,-118.30197,Crustees Eatery,4,458
italian,,34.08319,-118.33881,Cruzer Pizza 100% Vegan,4,2711
mediterranean,FALSE,34.1023799,-118.32715,Crying Tiger,4,1703
mexican,,34.06505,-118.29207,Culina,4,683
restaurants,,34.03396,-118.22965,Curry House,4.5,59
restaurants,,34.03396,-118.22965,D's Dubai Sauce,4.5,58
thai,,34.07658,-118.3233,Da Pasquale Restaurant,3.5,347
korean,,34.0622771,-118.2975168,Daebokjung,4,223
korean,,34.0622771,-118.2975168,DaeBuDo,4,223
cheesesteaks,,34.095845,-118.287102,Daikokuya Little Tokyo,4.5,1057
ramen,,34.03957852,-118.4426696,Daikokuya Sawtelle,4,3816
cheesesteaks,,34.095845,-118.287102,DAMA,4.5,1056
korean,,34.06204,-118.3133,Dan Sung Sa,4.5,37
japanese,,34.04893317,-118.2403841,Dave's Gourmet Korean Food,4,1375
mexican,,34.05323685,-118.2570291,Dave's Hot Chicken,4,1051
brazilian,,34.0982846,-118.3466992,Daw Yee Myanmar Corner,3.5,3062
brazilian,,34.0982846,-118.3466992,Dedicated Danny's Bacon Wrapped Hotdogs,3.5,3066
southern,FALSE,34.061517,-118.239716,Delancey,4.5,5638
italian,,34.038867,-118.23602,Deli-cious Deli & Catering,4,1296
korean,,34.06155498,-118.3043175,Deli-In,4,1183
breakfast_brunch,,34.090825,-118.3323209,Delia's Restaurant,4,997
asianfusion,,34.0981492,-118.3501071,Della Terra,4,1075
newamerican,,34.08847,-118.26875,Delphine,4,245
newamerican,,34.03046422,-118.3846952,Demitasse,3.5,5961
italian,,34.0469301,-118.2566015,Denim The Eatery,4,16579
italian,,34.0469301,-118.2566015,DeSano Pizza Bakery,4,16578
thai,,34.09773,-118.335936,Desert Rose,4,785
colombian,,34.06373,-118.296869,Design Cafe Dabang,4,1106
cocktailbars,,34.052601,-118.263447,Diablo,4,1145
indonesian,,34.0595544,-118.4201091,Dialog Cafe,4,2451
italian,,34.0469301,-118.2566015,Diamond Buffet & Grill,4,16581
coffee,,34.1053749,-118.3188399,Din Tai Fung,3.5,853
lebanese,,34.09108,-118.28308,Dino's Chicken and Burgers,4.5,438
italian,,34.03847976,-118.2347514,Dirt Dog,4,541
italian,,34.03847976,-118.2347514,District,4,542
vegetarian,,34.0762049,-118.3702675,Division 3,4.5,456
asianfusion,,34.0404035,-118.2535117,Dodger Stadium - Stadium Club,5,659
cocktailbars,,34.044804,-118.25665,Dollar Hits,4,409
cheesesteaks,,34.095845,-118.287102,Don Felix Restaurant,4.5,1057
pubs,,34.04476547,-118.2494431,Don Francisco's Coffee Casa Cubana,4.5,1039
cocktailbars,,34.044804,-118.25665,Dōnatsu,4,410
cocktailbars,,34.044804,-118.25665,Dong II Jang Restaurant,4,411
indpak,,34.08366,-118.34327,Donut Friend,4,2532
mexican,,34.04328564,-118.2635612,Doomie's Home Cookin',3.5,880
mexican,,34.04328564,-118.2635612,Doshi Fish,3.5,881
korean,,34.06315734,-118.302619,DRAGO Centro,4,467
sandwiches,,34.06341,-118.29378,Drive Thru Pupusas,4.5,440
japanese,,34.075135,-118.308649,DTLA RAMEN,4,68
japanese,,34.075135,-118.308649,Duidough Cafe & Cookie Lab,4,68
caribbean,,34.04815,-118.34752,Dulan's On Crenshaw,4,263
caribbean,,34.04815,-118.34752,Dumpling House,4,263
italian,,34.0719052,-118.3595032,Dune,3.5,490
korean,,34.056163,-118.309877,Dune Downtown,4.5,415
korean,,34.056163,-118.309877,E.A.K. Ramen,4.5,416
seafood,,34.10186778,-118.3120026,Eagle Rock Green Dragon,4.5,461
tradamerican,,34.0511203,-118.2543221,Eagle Rock Italian Bakery & Deli,4,1708
korean,,34.06158663,-118.3032418,Eagle Rock Kitchen,4.5,2041
korean,,34.06158663,-118.3032418,Earle's On Crenshaw,4.5,2043
korean,,34.06158663,-118.3032418,Eastside Market Italian Deli,4.5,2045
breakfast_brunch,,34.02876,-118.27517,Eat Drink Americano,4,2012
ethiopian,,34.0570974,-118.3641842,Eat This Cafe,4.5,335
ethiopian,,34.0570974,-118.3641842,Eataly - Los Angeles,4.5,335
newamerican,,34.050802,-118.253996,Ebaes,3.5,841
burgers,,34.075395,-118.323818,ediBOL,4,333
burgers,,34.075395,-118.323818,Egg Tuck,4,333
burgers,,34.075395,-118.323818,Eggslut,4,334
burgers,,34.075395,-118.323818,Eight Korean BBQ,4,334
burgers,,34.08373,-118.30949,Eighth Street Soondae,3.5,433
indpak,,34.05099796,-118.2449263,Ekkamai Thai Restaurant,4,1714
burgers,,34.08373,-118.30949,El Camaron Pelado,3.5,433
burgers,,34.06523903,-118.2372121,El Carmen,4,732
burgers,,34.06523903,-118.2372121,El Cartel,4,733
japanese,FALSE,34.050023,-118.239935,El Caserio,4.5,3536
burgers,,34.099915,-118.2589283,El Chato Taco Truck,4,297
chinese,,34.06301,-118.2384,El Cholo,4,2484
burgers,,34.099915,-118.2589283,El Cochinito Restaurant,4,298
ramen,,34.062038,-118.3424849,El Comal,4,108
asianfusion,,34.07397765,-118.2515627,El Compadre,4,598
asianfusion,,34.07397765,-118.2515627,El Coyote Mexican Cafe,4,599
korean,,34.06340679,-118.3038818,El Flamin' Taco,4.5,1293
italian,,34.05101747,-118.257886,El Huarache Azteca,4,1531
mexican,,34.0327911,-118.3417282,El Huarachito,4.5,1127
bbq,,34.06383505,-118.305978,El Paseo Inn,4.5,674
breakfast_brunch,,34.05744023,-118.3451571,El Patroncito Mexican Cuisine,5,216
argentine,,34.0574375,-118.2937431,El Taco Toro,4.5,430
mexican,,34.0906351,-118.307928,El Taurino,4.5,686
tacos,,34.08827,-118.32633,El Zarape,4,900
newamerican,FALSE,34.048111,-118.258345,Elbow Room,4.5,353
german,,34.07757,-118.34438,Elderberries Threefold Cafe,4,831
brazilian,,33.99933153,-118.4183068,Electric Karma,4,805
pizza,,34.10211,-118.29962,Electric Lotus,4.5,747
cajun,,34.0109188,-118.3366526,Electric Owl,4,174
cajun,,34.0109188,-118.3366526,Elf Café,4,173
vietnamese,FALSE,34.04721535,-118.2561958,Elio’s Wood Fire Pizza,4,1449
vegan,,34.04565336,-118.2324523,EMC Seafood & Raw Bar,4,915
vegan,,34.08279,-118.32404,Emilia,4,2073
vegan,,34.08279,-118.32404,Empanada's Place,4,2074
steak,,34.095603,-118.37238,Employees Only,3.5,1841
korean,,34.06308369,-118.2974812,Emporium Thai,4.5,1460
coffee,,34.060212,-118.291328,Erin McKenna's Bakery,4.5,1060
vegan,,34.08279,-118.32404,Escala,4,2075
coffee,,34.11055,-118.28726,Everytable,4,848
coffee,,34.11055,-118.28726,Fabiolus Cucina,4,850
french,,34.07214,-118.34368,Faith & Flower,4,257
sushi,,34.0498199,-118.25819,Fala Bar,3.5,2082
french,,34.07214,-118.34368,Falafel-Arax,4,259
seafood,,34.06242492,-118.2976707,Far Bar,4,2288
breakfast_brunch,,34.021791,-118.396617,Farfalla Trattoria,4,1274
breakfast_brunch,,34.021791,-118.396617,Farmhouse,4,1274
soup,,34.06646855,-118.3093839,Fat Dog,5,7
soup,,34.06646855,-118.3093839,Fat Sal's Deli - Hollywood,4,9
salad,,34.083673,-118.341008,Father's Office,4,821
mexican,,34.1014551,-118.3314412,Feast,4,769
mexican,,34.1014551,-118.3314412,Fei Xiang Gong,4,768
mexican,,34.0596284,-118.3451919,Feng Mao Lamb Kebab,4,638
mexican,,34.0596284,-118.3451919,Fig & Olive - Melrose Place,4,639
tex-mex,,34.09979,-118.29021,Figaro Bistrot,4.5,960
brazilian,,34.0156678,-118.4127939,Figueroa Philly Cheese Steak,4.5,25
tradamerican,FALSE,34.096039,-118.326357,FIN Asian Tapas - Hollywood,4.5,166
brazilian,,34.0156678,-118.4127939,Fire Chicken,4.5,25
argentine,,34.0839249,-118.3630799,Firehouse Restaurant,4.5,964
mexican,,34.08383745,-118.213409,Fisherman's Island LA,5,94
mexican,,34.08383745,-118.213409,Fisherman's Outlet,5,95
burgers,,34.095947,-118.371902,Five Leaves LA,4,765
mexican,,34.07251,-118.2213,Flavors of Thai,4,1196
mexican,,34.07251,-118.2213,Fleming's Prime Steakhouse & Wine Bar,4,1198
armenian,,34.10137,-118.30125,Flore Vegan Cuisine,4.5,660
armenian,,34.10137,-118.30125,Fogo de Chão Brazilian Steakhouse,4.5,661
cocktailbars,,34.05049,-118.24406,Food,4,1349
bbq,,34.0665313,-118.2542661,Food Fair By Diego,4,1996
bars,,34.04493399,-118.2658048,Foodlab,3.5,2593
cafes,,34.0838349,-118.3692845,Forage,4,324
cafes,,34.0838349,-118.3692845,Fortune House Chinese Cuisine,4,324
cafes,,34.0838349,-118.3692845,Founders Ale House,4,325
seafoodmarkets,,34.04083,-118.24018,Four Cafe,4,1099
cafes,,34.0838349,-118.3692845,Frankie's,4,325
mexican,,34.0466,-118.21837,Franklin & Company Tavern,4,492
mexican,,34.0466,-118.21837,Fratelli Cafe,4,493
sandwiches,,34.07225218,-118.3626293,Fred 62,4.5,1098
mexican,,34.04262833,-118.2532948,Freedman's,4.5,619
bars,,34.044846,-118.249564,Fresh Corn Grill,3.5,2184
mexican,,34.04262833,-118.2532948,Friends & Family,4.5,620
tradamerican,,34.04641173,-118.2628458,Frog Frozen Yogurt,3.5,2929
japanese,,33.98642,-118.27357,Frogtowns Gourmet Tacos,4.5,118
mexican,,33.9927987,-118.4227098,Froma on Melrose,4,1204
mexican,,33.9927987,-118.4227098,FryMadness,4,1205
mexican,,34.15258,-118.36437,Fukurou Ramen,4,758
mexican,,34.15258,-118.36437,Full House Seafood Restaurant,4,759
tradamerican,,34.06333,-118.30072,Full Moon House 福临门,4,1488
chinese,FALSE,34.06301,-118.2384,Funculo,4,2485
ethiopian,,34.05671,-118.36483,Furaibo Restaurant,4.5,728
thai,,34.1018849,-118.30513,Gaam Restaurant and Lounge,4,1696
steak,,34.068843,-118.398751,Gaby's Mediterranean Restaurant Cafe,4,4632
tradamerican,,34.06333,-118.30072,Gam Ja Gol,4,1487
catering,,34.0056987,-118.3342202,GamBoJok,5,25
italian,FALSE,34.050039,-118.248552,Genghis Cohen,4,2767
seafood,,34.10186778,-118.3120026,Genki Grill,4.5,461
seafood,,34.0762031,-118.3779835,Genwa Korean BBQ,4,151
mexican,FALSE,34.05241,-118.30071,Get Bbul,4,2123
mediterranean,,34.0249037,-118.2845961,Ghost Pizza Kitchen,4,176
korean,,34.07403097,-118.309188,Gigi's Bakery & Café,4,1500
newamerican,,34.0728,-118.36878,Gingergrass,3.5,1715
mediterranean,,34.0249037,-118.2845961,Ginza Ramen,4,177
mediterranean,,34.0249037,-118.2845961,Gizmo's Cereal Bar,4,177
mexican,,34.0465306,-118.2506799,Gloria's Cafe,4.5,1706
seafood,,34.0833651,-118.3262166,Gloria's Cuisine LA,4,2262
juicebars,,34.0638574,-118.3095668,Glowing Juices/ Vegan Market,4,674
latin,,34.0359554,-118.2920263,Go Pocha,4,424
latin,,34.10507,-118.2728548,Gogobop Korean Rice Bar,4.5,54
korean,,34.06309,-118.29754,Gokoku Vegetarian Ramen Shop,4.5,114
korean,,34.06309,-118.29754,Gol Tong Chicken,4.5,116
korean,,34.06452321,-118.3091645,Golden Dragon Restaurant,4.5,163
chickenshop,,33.95967,-118.30991,Golden Lake Eatery Cambodian Restaurant,4.5,51
chickenshop,,33.95967,-118.30991,Golden Mongolian Restaurant,4.5,52
soulfood,,34.05082,-118.36183,Golden State,4,95
korean,,34.0669316,-118.2921742,Good Burger,4.5,989
italian,,34.08319,-118.33908,Good Goose Cafe,4,552
italian,,34.08319,-118.33908,Good Greek Grill,4,552
italian,,34.08319,-118.33908,Gracias Madre,4,553
italian,,34.08319,-118.33908,Gracie's Pizza,4,553
asianfusion,,34.0981492,-118.3501071,Grand Central Market,4,1074
asianfusion,,34.0981492,-118.3501071,Granny's Kitchen,4,1075
mexican,,34.00058954,-118.2738522,GRANVILLE,4.5,67
mexican,,34.01744,-118.2783,Green Apple Cafe,4.5,1188
italian,,34.03447,-118.28341,Green Leaves Vegan,4,1355
bbq,,34.0421867,-118.3088951,Green Table Cafe,4,62
coffee,,34.084366,-118.286636,Grilled Fraiche,4,1948
pizza,,34.08346062,-118.2951754,Groundwork Coffee Co.,4.5,497
bbq,,34.0421867,-118.3088951,Grub,4,62
japanese,,34.0493955,-118.2397527,Guelaguetza Restaurante,4,477
japanese,,34.0493955,-118.2397527,Guerrilla Tacos,4,478
chinese,,34.06616,-118.23586,Guisados,4,324
chinese,,34.06616,-118.23586,Guisados DTLA,4,324
korean,,34.052144,-118.310428,Gus's Drive In,4,1613
hotdog,,34.057693,-118.2936795,Gus's World Famous Fried Chicken,4.5,57
coffee,,34.12974,-118.21645,Gwang Yang BBQ,4.5,478
korean,,34.06309902,-118.2971334,Gwen Butcher Shop,4,728
korean,,34.06309902,-118.2971334,Gyu-Kaku Japanese BBQ,4,729
foodstands,,34.04587816,-118.3447279,H Cafe,5,31
mexican,,34.0572413,-118.2383631,H&H Brazilian Steakhouse,4,793
mexican,,34.03967,-118.25472,Hae Ha Heng Thai Bistro,4.5,362
mexican,,34.03967,-118.25472,Hae Jang Chon Korean BBQ Restaurant,4.5,362
mexican,,34.03967,-118.25472,Haemaru,4.5,363
mexican,,34.03967,-118.25472,Hak San - LA,4.5,363
cocktailbars,,34.04676,-118.25099,Hakata Ikkousha,4,259
cocktailbars,,34.04676,-118.25099,Halmoni Grandmas Dukbokki,4,259
bakeries,,34.0603059,-118.4208591,Ham Ji Park,4,1013
mediterranean,,34.1023799,-118.32715,Hama Sushi,4,1702
breakfast_brunch,,34.09019089,-118.2777252,Han Bat Sul Lung Tang,4,1628
seafood,,34.0728,-118.37363,Han Mi Jung,4.5,663
coffee,,34.083871,-118.3501442,Hana Ichimonme,5,17
venezuelan,,34.171879,-118.381737,Hana Kitchen,4.5,358
cafes,,34.05218,-118.28737,Hangari Bajirak Kalguksu,5,70
cafes,,34.05218,-118.28737,Happy Taco,5,76
cafes,,34.05218,-118.28737,Harold & Belle's,5,79
bars,,34.044846,-118.249564,Hash,3.5,2184
bars,,34.044846,-118.249564,Hasiba,3.5,2184
italian,,34.045168,-118.256526,HaSunSaeng - MasterHA,4,1600
italian,,34.045168,-118.256526,HATCH Yakitori + Bar,4,1600
italian,,34.045168,-118.256526,Hatchet Hall,4,1601
italian,,34.045168,-118.256526,Hayato,4,1601
chinese,,34.07817,-118.25676,Healthy Zone Jook Hyang,4.5,227
chinese,,34.07817,-118.25676,Here's Looking At You,4.5,227
japanese,,34.04738712,-118.2571949,Hide Sushi Japanese Restaurant,4,2348
farmersmarket,,34.06143,-118.35405,HiFi Kitchen,4.5,35
comfortfood,,34.0377826,-118.2428721,High Tide,4,841
comfortfood,,34.0377826,-118.2428721,HiHo Cheeseburger,4,841
sushi,FALSE,34.08319167,-118.273245,Hill Street Bar & Restaurant,4.5,634
newamerican,,34.06060001,-118.3445095,Himalayan House,4,415
breakfast_brunch,,34.06301,-118.30622,Hinoki & The Bird,4,1191
cuban,,34.02114,-118.4036,HMS Bounty,4,2186
breakfast_brunch,,34.06301,-118.30622,Hock+Hoof,4,1192
sushi,,34.0637422,-118.3671403,HoHo Chicken,4.5,185
korean,,34.06158663,-118.3032418,Hokkaido Ramen Santouka,4.5,2045
foodstands,,34.07257747,-118.2146945,Holbox,4.5,897
foodstands,,34.07257747,-118.2146945,Hollywood Burger,4.5,899
newamerican,,34.07247231,-118.3593774,Hollywood Pies,4,2143
french,FALSE,34.06415,-118.34367,Hollywood Thai,4,5144
korean,,34.0560571,-118.2897392,Home Restaurant - Los Feliz,4,909
pizza,,34.07727,-118.26389,Homegirl Cafe,4,280
pizza,,34.07727,-118.26389,HomeState,4,280
cafes,,34.03871165,-118.2642529,Honda Ya Izakaya,4.5,129
korean,,34.05508861,-118.2919263,Honey Bee's House of Breakfast,4,106
korean,,34.05508861,-118.2919263,Honey Hi,4,108
newamerican,,34.0596002,-118.4143396,Honey Night,4,1664
brazilian,,34.04191749,-118.2551352,Honey Pig,4,1382
newamerican,,34.0596002,-118.4143396,Honeybee Burger,4,1665
southern,,34.06962,-118.27756,Honeybird,4.5,298
diners,,33.97795,-118.37064,Honeymee,4,1171
tradamerican,,34.06333,-118.30072,Honeymee Wilshire,4,1487
southern,,34.06962,-118.27756,Hong Kong Ban Jum 0410 / Paik's Noodle,4.5,298
juicebars,,34.143929,-118.398974,Horse Thief BBQ,4.5,367
creperies,,34.05718003,-118.2529243,Hot Motha Clucker,4.5,136
breakfast_brunch,,34.06413661,-118.2838863,Hot Wings Cafe,5,80
breakfast_brunch,,34.06413661,-118.2838863,House of Curry,5,83
southern,,34.07364241,-118.3767745,House Of Pies,4.5,938
breakfast_brunch,,34.06413661,-118.2838863,Howlin' Ray's,5,86
vegan,,34.08342,-118.37011,Hoy-Ka Thai Restaurant,4,1941
vegan,,34.08342,-118.37011,Hoy's Wok Chinese Restaurant,4,1942
italian,,34.06505004,-118.2464933,Humble Potato,4.5,993
vegan,,34.08342,-118.37011,Hummus Republic,4,1942
vegan,,34.08342,-118.37011,Hungry Crowd,4,1945
mexican,,34.1010002,-118.2872851,Hurry Curry of Tokyo,4,2121
italian,FALSE,34.103042,-118.291857,Hwal Uh Kwang Jang,4,945
vegan,,34.08342,-118.37011,Hyperion Public,4,1945
coffee,,34.0835863,-118.3623821,Hyperslow,4.5,426
indpak,,34.0621767,-118.3481449,I Love Sweetea,4,1257
coffee,,34.0835863,-118.3623821,I Panini di Ambra,4.5,427
coffee,,34.0835863,-118.3623821,Idle Hour,4.5,428
breakfast_brunch,,34.072893,-118.37179,Ignatius Cafe,4,2250
desserts,,33.9886408,-118.3533352,Iki Ramen,5,63
desserts,,33.9886408,-118.3533352,IL Bambino Restaurant,5,63
seafood,,34.05013744,-118.2424222,Il Capriccio on Vermont,4,1196
breakfast_brunch,,34.0633975,-118.3759994,Il Cielo,4.5,726
mediterranean,,34.1012388,-118.331478,Il Giardino,4.5,224
korean,FALSE,34.064009,-118.3007013,Il Pastaio,4.5,1953
taiwanese,FALSE,34.09059638,-118.2771721,Ima,4.5,2137
korean,,34.05279,-118.27807,Imperial Western Beer Company,4.5,35
korean,,34.0614471,-118.311821,In-N-Out Burger,4.5,180
southern,,34.102039,-118.299858,India's Grill,4.5,727
ramen,,34.05008091,-118.2401805,India's Restaurant,4,8318
ramen,,34.05008091,-118.2401805,India's Tandoori,4,8317
southern,,34.04810715,-118.3262787,India's Tandoori Hollywood,4,1362
ramen,,34.05008091,-118.2401805,Indimex Eats,4,8325
latin,,34.03528194,-118.2530662,Industriel,4.5,341
latin,,34.03528194,-118.2530662,Inko Nito,4.5,340
korean,,34.063852,-118.294609,Inti Restaurant,4,814
bars,FALSE,34.05011891,-118.2414611,Ippudo,4,898
korean,,34.063852,-118.294609,Isaan Station Thai Street Food,4,814
chickenshop,,34.0880681,-118.308962,It's Pho hollywood,4.5,2513
italian,FALSE,34.06372,-118.36446,Itacho Ramen & Sushi,5,11
colombian,FALSE,34.06373,-118.296869,Itaewon Izakaya,4,1107
chickenshop,,34.16468,-118.37409,Ivanhoe Restaurant & Bar,5,5
french,FALSE,34.1053549,-118.3246985,Ivory on Sunset,4.5,439
chickenshop,,34.0880681,-118.308962,ixlb DimSum Eats,4.5,2513
chickenshop,,34.0880681,-118.308962,Izakaya Fu-ga,4.5,2523
chickenshop,,34.0880681,-118.308962,Izakaya Gazen,4.5,2523
burmese,,34.08256911,-118.2722527,Izakaya Mi Young,4.5,316
streetvendors,,34.05545044,-118.2472382,Izakaya Tora,5,59
coffee,,34.08321,-118.3464,Jack N Jill's Too,4.5,1051
seafood,,34.10142181,-118.3259859,Jack's Family Kitchen,3.5,834
comfortfood,,34.03545834,-118.2585653,Jacks N Joe,5,81
cafes,,34.06273,-118.30946,Jae Bu Do,4,630
comfortfood,,34.03545834,-118.2585653,Jaffa,5,82
pizza,,34.09100997,-118.2977629,Jaffa Palms,4.5,1101
ramen,FALSE,34.08316,-118.32627,Jalapeño Pete's,5,1
tradamerican,,34.0556347,-118.2746478,Jane Q,3.5,229
taiwanese,,34.05816758,-118.4173103,Jang Choong Dong JokBal,4,1121
shanghainese,,34.1434651,-118.2560737,Jang Ga Ne,4,3428
vietnamese,,34.0533378,-118.3089351,Jar,4.5,603
taiwanese,,34.05816758,-118.4173103,Jaragua,4,1123
italian,,34.0786401,-118.3613451,Javista Organic Coffee Bar,4,1548
ramen,,34.06413665,-118.3094609,Jay's Bar,4.5,518
coffee,,34.11055,-118.28726,Jeff's Gourmet Sausage Factory,4,852
taiwanese,,34.05816758,-118.4173103,Jeon Ju Restaurant,4,1128
shanghainese,,34.1434651,-118.2560737,Jeong Yuk Jeom,4,3431
taiwanese,,34.05816758,-118.4173103,Jeonju Hyundaiok,4,1130
burgers,,34.047441,-118.293926,Jesse Boy,4,1959
hotdog,,34.02829238,-118.2752082,Jewel,4.5,1859
hotdog,,34.02829238,-118.2752082,Jinsol Gukbap,4.5,1860
hotdog,,34.02829238,-118.2752082,JINYA Ramen Bar,4.5,1862
food_court,,34.05062855,-118.2486353,JiST Cafe,4,2486
cocktailbars,,34.04799129,-118.2584669,Jitlada,4,492
ramen,,34.04690964,-118.2384162,JJ's Sandwich Shop,4,1212
southern,FALSE,34.102039,-118.299858,JJAN,4.5,726
cocktailbars,,34.04799129,-118.2584669,JJUKKU JJUKKU BBQ,4,493
tradamerican,,34.073855,-118.239959,Joan's on Third,4,175
cocktailbars,,34.04285034,-118.2577596,Joe Coffee,4,1050
tradamerican,,34.073855,-118.239959,Joe's Falafel,4,175
streetvendors,,34.07145,-118.27267,JOEY DTLA,4,252
streetvendors,,34.07145,-118.27267,Jokbal 1030,4,252
donuts,,34.04836,-118.24071,Jon & Vinny's Fairfax,4.5,227
korean,FALSE,34.06308369,-118.2974812,Jones,4.5,1461
latin,,34.01717897,-118.2783506,Joom Bangkok Cafe,5,274
korean,,34.05792,-118.30503,Jopok Topokki,4,592
japanese,,34.0443222,-118.2382339,Joy,4,1735
tradamerican,,34.093984,-118.327639,Jun Won Restaurant,4,1677
tradamerican,,34.093984,-118.327639,Kaban Persian Restaurant,4,1677
sushi,,34.05272458,-118.3185252,Kabob By Faraj Restaurant & Kosher Meat Market,5,33
italian,,34.05101747,-118.257886,KaGaYa,4,1531
salvadoran,,34.12407454,-118.2205758,Kai Ramen,5,116
ramen,,34.04098,-118.25696,Kai Ramen At Joseph's Cafe,4,535
cafes,,34.09982736,-118.3282186,Kali Restaurant,4.5,158
cafes,,34.09982736,-118.3282186,Kang Ho-dong Baekjeong,4.5,159
soulfood,,33.9985785,-118.3307743,Kanpai Japanese Sushi Bar & Grill,4,566
soulfood,,33.9985785,-118.3307743,Kanpai Japanese Sushi Bar & Grill 2,4,567
korean,,34.0693,-118.29253,Karl Strauss Brewing Company,4.5,502
cocktailbars,FALSE,34.052601,-118.263447,KASHIRA SUSHI,4,1145
korean,,34.0693,-118.29253,Kasih,4.5,503
falafel,,34.11696495,-118.2620931,Kass Wine Bar & Restaurant,4.5,667
falafel,,34.11696495,-118.2620931,Katsu by Momota,4.5,668
korean,,34.063757,-118.295838,Katsuya Hollywood,4,1466
mexican,,34.04262833,-118.2532948,Katsuya L.A. Live,4.5,620
falafel,,34.0409575,-118.257195,KazuNori  | The Original Hand Roll Bar,4.5,130
ramen,,34.0837585,-118.352546,KazuNori: The Original Hand Roll Bar,4,336
sushi,,34.0485313,-118.2402898,KC's Crepes Cafe,4,1503
movietheaters,FALSE,34.04809,-118.2589433,Kensho Hollywood,4.5,117
ramen,,34.0837585,-118.352546,Kettle Black,4,338
ramen,,34.0837585,-118.352546,Kiku Sushi,4,338
coffee,,34.0484021,-118.2580705,Killer Noodle Tsujita,4.5,425
hotdog,,34.01562331,-118.3347559,King Of New York Pizzeria Pub,4.5,342
filipino,,34.14177,-118.22111,King Taco,4.5,170
sandwiches,,34.09454489,-118.3381749,Kings Road Cafe,4,1998
filipino,,34.14177,-118.22111,Kinjiro,4.5,170
hotdog,,34.01562331,-118.3347559,Kismet,4.5,341
hotdog,,34.01562331,-118.3347559,Kitchen Sooda,4.5,342
italian,,34.06505004,-118.2464933,Klat,4.5,992
italian,,34.06505004,-118.2464933,Kobawoo House,4.5,993
breakfast_brunch,,34.090825,-118.3323209,KOBUNGA,4,996
breakfast_brunch,,34.04067,-118.2500946,Kogi BBQ Truck - Azul,4,2212
breakfast_brunch,,34.090825,-118.3323209,Kogi BBQ Truck - Verde,4,997
gourmet,,34.059609,-118.419437,Kogi Taqueria,3.5,1933
gourmet,,34.059609,-118.419437,Koja Kitchen DTLA,3.5,1934
tapasmallplates,,34.03445363,-118.2836694,Komasa Sushi,4,706
bbq,FALSE,34.0665313,-118.2542661,Kopan Ramen - Los Angeles,4,1996
newamerican,,34.0448755,-118.2326144,Korean Kitchen Hibachi Barbeque,4.5,551
newamerican,,34.0448755,-118.2326144,Koreatown Galleria,4.5,552
italian,FALSE,34.08335868,-118.3247249,Koreatown Pizza Company,4,1524
newamerican,,34.04939,-118.256506,Kotoya Ramen,4,1755
newamerican,,34.0448755,-118.2326144,Kouraku Restaurant,4.5,553
chinese,,34.0761949,-118.3751356,Krab Queenz,4,289
breakfast_brunch,,34.062127,-118.311328,Ktown Pho,4,193
breakfast_brunch,,34.062127,-118.311328,Kues Restaurant,4,194
breakfast_brunch,,34.062127,-118.311328,Kura Revolving Sushi Bar,4,196
french,,34.051909,-118.3843212,KyoChon,4.5,1241
breakfast_brunch,,34.0505289,-118.2486189,L & E Oyster Bar,4,5585
breakfast_brunch,,34.07381349,-118.3774918,L.A. Birria,3.5,289
breakfast_brunch,,34.0505289,-118.2486189,L'Antica Pizzeria Da Michele,4,5585
falafel,,34.11696495,-118.2620931,La Abeja Restaurant,4.5,668
breakfast_brunch,,34.0505289,-118.2486189,La Barca Restaurant,4,5584
lounges,FALSE,34.04897,-118.2514,La Boucherie,4,7283
newamerican,,33.959442,-118.393598,La Brea Bakery Café,4,1367
breakfast_brunch,,34.0505289,-118.2486189,La Brea Ramen Bar,4,5584
korean,,34.05599268,-118.3099368,LA Breakfast Club,4.5,1627
korean,,34.0578449,-118.2843912,LA Brisket,4.5,214
hotdog,,34.08403,-118.34439,LA Café,3.5,7026
mexican,,34.07869,-118.21471,La Cevicheria,4,233
mexican,,34.07869,-118.21471,LA Chankla,4,233
mexican,,34.0720873,-118.367282,La Chuperia,4,948
mexican,,34.06251215,-118.3488146,La Esquina,4,482
korean,FALSE,34.0639032,-118.3061281,La Fonda,4,4775
mexican,,34.0571251,-118.346074,La Fonda Antioquena,4.5,1262
cuban,,34.08875714,-118.2769305,La Golondrina Mexican Cafe,4,703
cuban,,34.08875714,-118.2769305,La Michoacana Restaurant,4,704
mexican,,34.09105,-118.30819,La Noche Buena Restaurant,4.5,44
mexican,,34.09769,-118.35205,LA Number 1 Chueotang,3.5,1586
mexican,,34.09769,-118.35205,La Numero Uno,3.5,1587
mexican,,34.07587433,-118.3492203,LA Paella,3.5,1665
mexican,,34.07587433,-118.3492203,La Pergoletta,3.5,1666
mexican,,34.05748236,-118.2377401,La Pergoletta on Sunset,4,1128
mexican,,34.05748236,-118.2377401,La Picca,4,1129
thai,FALSE,34.09784367,-118.3183377,La Poubelle Bistro,4.5,1713
mexican,,34.09544,-118.30256,LA Prime,4.5,549
mexican,,34.09544,-118.30256,La Pupusa Urban Eatery,4.5,549
mexican,,34.09544,-118.30256,LA Rose Cafe,4.5,550
cafes,,34.10703737,-118.2034547,La Taquiza,4.5,509
newamerican,,34.08755,-118.33333,LA Vegan,4,1870
mexican,,34.09544,-118.30256,Lala's Argentine Grill,4.5,550
indpak,,34.072291,-118.368852,Lalibela Ethiopian Restaurant,4,793
indpak,,34.072291,-118.368852,Langer's,4,794
newamerican,,34.0976461,-118.3529173,Lao Tao,4,323
vegetarian,,34.077812,-118.264616,Larchmont Bungalow Cafe,4.5,738
vegetarian,,34.077812,-118.264616,Larchmont Village Wine Spirits & Cheese,4.5,739
vegetarian,,34.077812,-118.264616,LASA,4.5,739
seafood,,34.063452,-118.299046,Laveta,4,3156
delis,,34.0476,-118.317234,Lawry's The Prime Rib - Beverly Hills,4.5,1336
newamerican,FALSE,34.08369,-118.33988,Le Comptoir,4.5,72
seafood,,34.063452,-118.299046,Le Grand,4,3155
seafood,,34.063452,-118.299046,Le Petit Greek,4,3155
italian,,34.07117,-118.37702,Le Petit Marché,5,48
italian,,34.07117,-118.37702,Le Petit Paris,5,49
bubbletea,,34.07295286,-118.3755598,Lemon Poppy Kitchen,4.5,916
italian,,34.07117,-118.37702,Lemonade,5,50
argentine,,34.0110704,-118.4196397,Leo's Tacos Truck,4.5,733
argentine,,34.0110704,-118.4196397,Library Bar,4.5,732
newamerican,FALSE,34.077585,-118.259599,Lincoln Kitchen & Tap,4,4006
colombian,,34.06373,-118.296869,Little Bear,4,1106
salad,,34.03503535,-118.2835311,Little Dom's,4.5,273
italian,,34.0978651,-118.3256499,Little Fatty,4,838
italian,,34.0978651,-118.3256499,Little Jewel of New Orleans,4,839
newamerican,,34.046195,-118.261698,Little Kingston Jamaican Restaurant,4,2393
newamerican,,34.046195,-118.261698,Little Next Door,4,2395
falafel,,34.09115,-118.30078,Little Pine,4.5,303
italian,,34.1074686,-118.2872751,Little Sister,4,628
italian,,34.1074686,-118.2872751,Little Tokyo Taiyaki,4,628
italian,,34.10186222,-118.3124936,Lobsta Truck,4.5,357
newamerican,,34.0735193,-118.3767501,Lobster & Beer,4,463
newamerican,,34.0735193,-118.3767501,Local,4,464
korean,,34.06367623,-118.2954743,Locali,4.5,619
newamerican,,34.08612798,-118.3617271,Locanda Veneta,4,562
pizza,,34.0739747,-118.3238054,Lock & Key,4,1427
sandwiches,,34.09454489,-118.3381749,Lodge Bread,4,1994
sandwiches,,34.09454489,-118.3381749,LONO Hollywood,4,1997
sandwiches,,34.09454489,-118.3381749,Lory's Restaurant,4,1998
newamerican,,34.03046422,-118.3846952,Los Balcones,3.5,5961
newamerican,,34.1014294,-118.3263326,Los Balcones - Studio City,4,472
newamerican,,34.1014294,-118.3263326,Lou’s Hot Chicken,4,472
kebab,,34.06737,-118.30892,Louders,5,7
italian,FALSE,34.0469301,-118.2566015,Louise's Trattoria,4,16584
kebab,,34.06737,-118.30892,Loupiotte Kitchen,5,8
chinese,,34.053655,-118.319659,Love Baked Wings,4.5,540
dimsum,FALSE,34.07577,-118.36982,Lowell Farms - A Cannabis Cafe,4,2784
korean,,34.06662622,-118.3089679,Lowell Farms: A Cannabis Cafe,4,445
mediterranean,,34.0834751,-118.3761741,Lucy Ethiopian Restaurant,4,2427
mediterranean,,34.0834751,-118.3761741,Lulu's Cafe,4,2428
mediterranean,,34.0834751,-118.3761741,Luv2Eat Thai Bistro,4,2428
korean,FALSE,34.06232132,-118.340899,Lux Restaurant,4.5,2775
cheesesteaks,,34.014196,-118.282417,M Grill,4.5,1074
cheesesteaks,,34.014196,-118.282417,M'Dear's Bakery & Bistro,4.5,1075
chickenshop,,34.05753083,-118.2952322,Ma Dang Gook Soo,4.5,60
newamerican,,34.03414,-118.22965,Ma'am Sir,4,14
seafood,,34.003815,-118.3325408,Maccheroni Republic,4.5,56
pizza,,34.08653,-118.37614,Madame Monsieur,4,1099
seafood,,34.003815,-118.3325408,Madera Kitchen,4.5,57
seafoodmarkets,,34.04083,-118.24018,Madre Oaxacan Restaurant and Mezcaleria,4,1099
seafoodmarkets,,34.04083,-118.24018,Mae Ting's Coconut Cakes,4,1099
newamerican,,34.09562,-118.29534,Magal BBQ,4,106
newamerican,,34.09562,-118.29534,Maggiano's Little Italy,4,108
japanese,,34.0499,-118.2397,Maharaja Cuisine Of India,4,1384
newamerican,,34.09562,-118.29534,Majangdong,4,109
thai,,34.0450459,-118.2769246,Majordōmo,4,608
italian,FALSE,34.07353573,-118.3595324,Mama Lion,4,1797
steak,,34.04469633,-118.2653645,Mama Shelter Rooftop Bar,4,1529
argentine,,34.0110704,-118.4196397,Mama's International Tamales,4.5,732
steak,,34.04469633,-118.2653645,Manpuku Japanese Yakiniku Dining,4,1530
newamerican,,34.0833651,-118.3242882,Manpuku Tokyo BBQ,4.5,493
vegan,,34.09121041,-118.2794272,Manuela,4,1159
steak,,34.04766494,-118.2612188,Mapo Galbi,3.5,1050
newamerican,,34.0914091,-118.2792034,Mari Kimbap Shop,4,784
french,,34.07208,-118.36749,Marie's Coffee & Deli,4,2033
chinese,,34.05828,-118.36252,Marino Restaurant,4,236
chinese,,34.05828,-118.36252,Mario's Peruvian & Seafood,4,236
newamerican,,34.0550258,-118.3833637,Mariscos 4 Vientos,4.5,212
italian,,34.08323,-118.34724,Mariscos Jalisco,4,412
italian,,34.08323,-118.34724,Mariscos La Corita,4,412
tradamerican,,34.10538377,-118.3187575,Market Provisions,3.5,476
coffee,,34.08321,-118.3464,Marmalade Cafe,4.5,1053
coffee,,34.08321,-118.3464,Marouch Restaurant,4.5,1052
coffee,,34.08321,-118.3464,Marugame Monzo,4.5,1051
cocktailbars,,34.08052,-118.26991,Marugame Udon,4,184
japanese,,34.0311016,-118.400832,Maruya,4,734
cocktailbars,,34.08052,-118.26991,Masa of Echo Park,4,184
japanese,,34.02507,-118.41227,Mateo's Ice Cream & Fruit Bars,4.5,693
bakeries,,34.10151,-118.30238,Matjip Chigae,4,169
tacos,,34.105472,-118.247701,Matsumoto,5,105
wine_bars,,34.083525,-118.363209,Mauro's Cafe,4.5,272
wine_bars,,34.083525,-118.363209,Max City BBQ,4.5,272
tradamerican,,34.04637485,-118.2508707,Meals by Genet,4.5,293
tradamerican,,34.04637485,-118.2508707,Meat Love Korean BBQ,4.5,294
diners,,34.066072,-118.233223,Meatzilla!,4,1030
ramen,,34.10183737,-118.3007547,Mee and Greet,4,514
burgers,,34.101411,-118.341748,Meea's,3.5,1854
seafood,,34.06621,-118.23804,Meizhou Dongpo Restaurant,3.5,679
chinese,,34.06603994,-118.2376204,Mel's Fish Shack,4,213
korean,,34.0527649,-118.30033,Melody,4,402
mexican,,34.0720873,-118.367282,Melody Bar and Grill,4,948
newamerican,FALSE,34.07586,-118.35247,Melrose Station,4,95
korean,,34.068589,-118.309513,Melrose Umbrella,5,18
korean,,34.06401,-118.36707,Men Oh Tokushima Ramen,4,126
korean,,34.06232132,-118.340899,Mendocino Farms,4.5,2773
pizza,,34.0839,-118.35864,Mercado Hollywood,5,42
ramen,,34.05941,-118.292,Mercado Los Angeles,4.5,216
ramen,,34.05941,-118.292,Mercado Taqueria,4.5,222
cheesesteaks,,34.014196,-118.282417,Merkato Ethiopian Restaurant & Market,4.5,1076
latin,,34.047022,-118.21915,Mesa Thai Cuisine,4.5,595
breakfast_brunch,,34.04635,-118.2511,Mesón Cafe,5,120
korean,,34.06696,-118.29206,MESSHALL,4,262
asianfusion,,34.061477,-118.299902,Messob Ethiopian Restaurant,4.5,276
asianfusion,,34.061477,-118.299902,Met Her At A Bar,4.5,275
ramen,,34.14532,-118.36317,Mex Perú Gipsy,4.5,360
chicken_wings,,34.0674543,-118.3096191,Mexicali Taco & Co,4.5,549
chicken_wings,,34.0674543,-118.3096191,Mezcalero,4.5,551
chicken_wings,,34.0674543,-118.3096191,Mh Zh,4.5,551
chicken_wings,,34.0674543,-118.3096191,Mi Corazon,4.5,552
mexican,,34.07336,-118.2098,Mia Sushi,4.5,605
chicken_wings,,34.0674543,-118.3096191,Miari Noodle House,4.5,552
filipino,FALSE,34.08222,-118.30948,Miceli's,5,59
gastropubs,FALSE,34.12384,-118.26868,Miceli's Italian - Hollywood,4.5,4211
sushi,,34.0484675,-118.2402491,Michelangelo Ristorante,4.5,1283
dimsum,,34.0655098,-118.2362747,Michin Dak,3.5,704
dimsum,,34.0655098,-118.2362747,Mignon,3.5,705
cambodian,,34.06392575,-118.2385995,Mike's Deli,4.5,203
icecream,,34.06220272,-118.2975688,Mike's Deli 2,4,1105
mongolian,,34.06177,-118.287258,Mikkeller DTLA,4.5,183
mongolian,,34.06177,-118.287258,Milkfarm,4.5,183
italian,,34.10480881,-118.2914047,Millet Crepe,4,1473
burgers,,34.07905579,-118.3611374,Millie's Cafe,4,1499
tradamerican,,34.09062583,-118.345579,Mimimyunga,3,61
taiwanese,FALSE,34.05816758,-118.4173103,Miro,4,1136
asianfusion,,34.07603,-118.32399,Mister Bossam,5,81
asianfusion,,34.07603,-118.32399,Mister O's,5,81
greek,,34.10403902,-118.3287948,Mitsuru Cafe,4.5,258
mexican,,34.08079511,-118.386972,Mixtape,4,3975
pizza,,34.097718,-118.328681,Mixto Comida Latina,4,1164
mexican,,34.08079511,-118.386972,Mizlala,4,3977
mexican,,34.08079511,-118.386972,MJ's Grill,4,3981
korean,,34.0546201,-118.2914951,MOD Pizza,4.5,470
seafood,,34.072706,-118.37251,Modan Eagle Rock Ramen,4,1637
japanese,,34.10144297,-118.3270847,Modern Eats,3.5,1837
pizza,,34.08346062,-118.2951754,Mohawk Bend,4.5,495
pizza,,34.08346062,-118.2951754,Momed Atwater Village,4.5,497
asianfusion,,34.04973,-118.23944,Momo Sushi,3.5,1923
food_court,,34.05062855,-118.2486353,Monarca Pasta & Grill,4,2483
food_court,,34.05062855,-118.2486353,Monsieur Marcel,4,2486
pizza,,34.05993083,-118.444317,Monte 52,3.5,2342
soulfood,,33.99309755,-118.2563043,Monty's Good Burger,4,314
indonesian,,34.029081,-118.411699,Moodaepo II,4,1471
dimsum,,34.09779,-118.3183,Moon House Chinese Cuisine,4.5,567
breweries,,34.04795631,-118.2561892,Morton's The Steakhouse,4.5,654
indonesian,FALSE,34.0595544,-118.4201091,Moun Of Tunis Restaurant,4,2453
newamerican,,34.0771299,-118.38068,Mountain Cafe,4.5,1147
vegan,,34.05635905,-118.2509367,Mr Churro,4,875
newamerican,,34.0771299,-118.38068,Mr. Sate,4.5,1150
newamerican,,34.0771299,-118.38068,Mrs Fish,4.5,1153
salad,,33.99936,-118.41891,Murakami Sushi,5,6
salad,,33.99936,-118.41891,Muraya,5,4
salad,,33.99936,-118.41891,Musso & Frank Grill,5,4
salad,,33.99936,-118.41891,My Little Dumpling,5,8
burgers,,34.04074,-118.42786,My Ramen Bar,3.5,2804
sushi,,34.07616003,-118.3054077,My Thai,4,1342
salad,,33.99936,-118.41891,My Two Cents,5,8
cafes,,34.0522237,-118.37115,My Vegan Gold,4.5,435
newamerican,,34.08755,-118.33333,Myung Dong Kyoja,4,1869
newamerican,,34.08755,-118.33333,Myung In Dumplings,4,1870
mexican,,34.05241,-118.30071,Myungrang Hot Dog-California Market LA,4,2115
mexican,,34.05241,-118.30071,n/naka,4,2117
gastropubs,,34.06207586,-118.3455771,Naab Cafe,4,1080
pubs,,34.09918,-118.25887,Nabeeya,4,1595
mexican,,34.05241,-118.30071,Nadri Korean Tea House,4,2117
mexican,,34.05241,-118.30071,Nam Won Gol,4,2120
korean,,34.06696,-118.30871,Natalee Thai,4.5,468
mexican,,34.05241,-118.30071,Natalie Peruvian Seafood Restaurant - Hollywood,4,2120
tacos,,34.03437201,-118.2321303,Natraliart Jamaican Restaurant & Market,4,634
bbq,,34.0821746,-118.3442326,Nature's Brew,4,1885
tacos,,34.03437201,-118.2321303,Neri's,4,635
french,FALSE,34.051909,-118.3843212,Nest,4.5,1243
tacos,,34.03437201,-118.2321303,New China Mongolian Bbq,4,636
mexican,,34.07023951,-118.2504484,New Kamara,4.5,2004
sushi,,34.07283,-118.37389,New York Bagel and Deli,4,1015
mexican,,34.04812,-118.21147,Next Door Lounge,4.5,2401
mexican,,34.07023951,-118.2504484,Nic's on Beverly,4.5,2005
mexican,,34.04812,-118.21147,Nick + Stef's Steakhouse,4.5,2403
asianfusion,,34.0404035,-118.2535117,Nick's Cafe,5,660
mexican,,34.04812,-118.21147,Nick's Coffee Shop,4.5,2403
mexican,,34.0465306,-118.2506799,Nickel Diner,4.5,1701
mexican,,34.0465306,-118.2506799,Night + Market Song,4.5,1702
mexican,,34.0465306,-118.2506799,Nightshade,4.5,1703
newamerican,,34.0506899,-118.2404783,Nishi Poke & Ramen Bistro,4,1096
bbq,,34.09115,-118.30078,Noe Restaurant and Bar,4.5,519
tradamerican,,34.06081,-118.26734,Nong La Cafe,3.5,401
tradamerican,,34.06081,-118.26734,Northern Cafe,3.5,401
tradamerican,,34.06081,-118.26734,Noshi Sushi,3.5,402
tradamerican,,34.06081,-118.26734,Oasis Mediterranean Cuisine,3.5,402
southern,,34.04810715,-118.3262787,Oaxacan Quesadilla Cart,4,1360
southern,,34.04810715,-118.3262787,OB Bear,4,1361
cocktailbars,,34.09100091,-118.3631456,Ocha Classic Restaurant,4,235
butcher,,34.09764,-118.3334,Odumak,4,529
butcher,,34.09764,-118.3334,Oh My Crab,4,528
butcher,,34.09764,-118.3334,Ohana BBQ,4,529
japanese,,34.0394075,-118.4303465,Ohana Superette,3.5,1012
japanese,,34.0394075,-118.4303465,Oi Asian Fusion,3.5,1012
breakfast_brunch,,34.057597,-118.2977468,Okiboru House of Tsukemen,4.5,344
cheesesteaks,,34.095845,-118.287102,Okipoki,4.5,1057
korean,,34.05944,-118.28933,Olive Bistro & Catering,4,1025
breakfast_brunch,,34.057597,-118.2977468,Olson's Deli,4.5,345
brazilian,,34.04665,-118.25616,Olympic Noodle,4.5,196
brazilian,,34.04665,-118.25616,Omakase Teriyaki,4.5,197
korean,FALSE,34.05797,-118.2944,Ombu Grill,4,34
brazilian,,34.04665,-118.25616,Ondal 2,4.5,197
brazilian,,34.04665,-118.25616,Ong Ga Nae Korean BBQ,4.5,198
brazilian,,34.04665,-118.25616,Oo-Kook Korean BBQ,4.5,198
thai,,34.06876,-118.30948,Oomasa,4.5,1109
filipino,,34.101511,-118.2930631,Oops! Sushi & Sake Bar,4.5,475
thai,,34.06876,-118.30948,Open Sesame,4.5,1110
thai,,34.06876,-118.30948,Openaire,4.5,1110
korean,,34.0639032,-118.3061281,Ord & Broadway,4,4764
brazilian,,34.0721669,-118.360551,Organix,4,1186
newamerican,FALSE,34.0690575,-118.226105,Oriel Chinatown,4,835
korean,,34.0639032,-118.3061281,Original Pantry Cafe,4,4765
korean,,34.0639032,-118.3061281,Orleans & York Deli,4,4768
korean,,34.0574299,-118.30658,Orochon Ramen,4,103
korean,,34.0574299,-118.30658,Orsa & Winston,4,103
chickenshop,FALSE,34.0880681,-118.308962,Osteria Cal Mare,4.5,2536
korean,,34.05797,-118.2944,Osteria La Buca,4,32
korean,,34.05797,-118.2944,Osteria Mamma,4,33
ramen,,34.0480267,-118.2400318,Osteria Mozza,4,514
ramen,,34.0480267,-118.2400318,Ostrich Farm,4,515
korean,,34.03458,-118.25762,Otium,4.5,57
steak,,34.04469633,-118.2653645,Otomisan Restaurant,4,1529
korean,,34.03458,-118.25762,OTOTO,4.5,57
korean,FALSE,34.0546201,-118.2914951,Oyabun,4.5,470
korean,,34.063757,-118.295838,Pa Ord Noodle,4,1466
korean,,34.0478722,-118.3257373,Pace,4,154
korean,,34.063757,-118.295838,Pacific Dining Car,4,1466
vegetarian,,34.050409,-118.361676,Paco's Tacos,4.5,578
korean,,34.0478722,-118.3257373,Pailin Thai Cuisine,4,154
sushi,,34.0485313,-118.2402898,Palermo Italian Restaurant,4,1501
sushi,,34.0485313,-118.2402898,Paley,4,1503
ramen,FALSE,34.05008091,-118.2401805,Palm Grove Ethiopian Restaurant,4,8329
korean,,34.065414,-118.3095703,Palms Thai Restaurant,4.5,2103
korean,,34.065414,-118.3095703,Pampas Grill,4.5,2106
korean,,34.047509,-118.324763,Panini Kabob Grill,4.5,69
korean,,34.047509,-118.324763,Pann's Restaurant,4.5,69
ramen,,34.045277,-118.238494,Pao Jao Dumpling House,4,442
ramen,,34.045277,-118.238494,Papa Cristo's,4,442
asianfusion,,34.08686,-118.29152,Papa's Chicken,4.5,52
korean,,34.06286026,-118.2975703,Papi Tacos & Churros,4.5,1554
korean,,34.06286026,-118.2975703,Papilles Bistro,4.5,1555
waffles,,34.09855002,-118.3221236,Paradocs Coffee and Tea,4,3817
korean,,34.06286026,-118.2975703,Park's BBQ,4.5,1557
mexican,,34.0470681,-118.2843635,Paros Chicken,4,365
cajun,,34.0254551,-118.327966,PASTA e PASTA by Allegro,3.5,859
cajun,,34.0254551,-118.327966,Pasta Sisters,3.5,859
vegan,FALSE,34.077123,-118.258714,Pasta Sisters - Culver City,4,2149
breakfast_brunch,,33.978852,-118.40565,Pastina,4,622
korean,,34.06012,-118.29128,Patina Restaurant,4.5,1143
chicken_wings,,34.0905951,-118.3255861,PBJ.LA,4.5,326
mideastern,,34.0533114,-118.3767968,Peking Tavern,4.5,172
korean,,34.0497189,-118.3091849,Penguin Fish & Chips,4.5,301
izakaya,,34.07181,-118.3655,Pepe's Tacos,4,1040
korean,,34.0497189,-118.3091849,Perch,4.5,302
japanese,,34.04806818,-118.2578842,Perfect Pita,4.5,353
japanese,,34.04806818,-118.2578842,Petit Trois,4.5,354
bbq,FALSE,34.0637349,-118.2972751,Petite Taqueria,4.5,4112
japanese,,34.04806818,-118.2578842,Petty Cash Taqueria & Bar,4.5,355
cocktailbars,,33.99696036,-118.4315601,Pez Cantina,4,632
cocktailbars,,33.99696036,-118.4315601,Philippe the Original,4,633
japanese,,34.0362519,-118.2406688,Phillips Barbecue,5,53
japanese,,34.0362519,-118.2406688,Pho 24,5,53
korean,,34.0527349,-118.3055926,Pho 87,4.5,285
italian,,34.0719384,-118.3884127,Pho Cafe,4,1196
italian,FALSE,34.1037812,-118.2872479,Pho Hanoi 12,4.5,778
cocktailbars,,34.0637,-118.30822,Pho Hoa Vietnamese Restaurant,4,460
cocktailbars,,34.0637,-118.30822,Pho Legend,4,461
cocktailbars,,34.0637,-118.30822,Pho Saigon Pearl,4,461
filipino,,34.06467,-118.2650419,Pho Thai Town,4.5,40
newamerican,FALSE,34.0422897,-118.2542114,Pig 'n Whistle,4,1342
korean,FALSE,34.06286026,-118.2975703,Pimai It's Thai,4.5,1557
filipino,,34.06467,-118.2650419,Pinches Tacos,4.5,41
wine_bars,,34.044503,-118.24037,Pine & Crane,4.5,96
wine_bars,,34.044503,-118.24037,Pink Taco,4.5,96
newamerican,,34.06372,-118.36446,Pink's Hot Dogs,5,2
newamerican,,34.06372,-118.36446,Pita Café,5,2
mediterranean,,34.0834879,-118.3518564,Pitchoun!,4.5,1076
gluten_free,,34.05734883,-118.4431159,Pizza Buona,4,1977
mexican,,34.03908028,-118.2404277,Pizza Next Door,4,1068
newamerican,,34.06372,-118.36446,Pizzanista!,4,5
newamerican,,34.06372,-118.36446,Pizzeria Il Fico,4,5
indpak,,34.0256549,-118.294352,Pizzeria Mozza,4,297
indpak,,34.0256549,-118.294352,Plan Check Kitchen & Bar,4,298
ramen,,34.03892761,-118.4423404,Plancha Tacos,4,3109
newamerican,,34.05651451,-118.415215,Plato,3.5,1365
korean,FALSE,34.065414,-118.3095703,Plum Tree Inn,4.5,2111
newamerican,,34.05651451,-118.415215,Poke Me,3.5,1365
newamerican,,34.0470812,-118.2501365,Pokémolé,4.5,246
taiwanese,,34.12083,-118.20465,PokeMotto,4.5,605
newamerican,,34.0470812,-118.2501365,Polka Polish Restaurant,4.5,247
chicken_wings,,34.0624241,-118.2810091,Pollen,4,319
latin,,34.01717897,-118.2783506,Pollo a La Brasa Western,5,272
mexican,,34.035217,-118.25591,Pomodoro Trattoria,5,758
latin,,34.01717897,-118.2783506,Poppy + Rose,5,273
breakfast_brunch,,34.10150344,-118.3260355,Porchetta Republic,4.5,588
breakfast_brunch,,34.10296,-118.28719,Porto's Bakery & Cafe,4,2727
newamerican,,34.05187005,-118.2520536,Portobanco's Restaurant,4,1269
newamerican,,34.0422897,-118.2542114,Post & Beam,4,1340
breakfast_brunch,,34.10296,-118.28719,Pour Haus Wine Bar,4,2727
newamerican,FALSE,34.0470812,-118.2501365,Poutine Brothers,4.5,248
vegetarian,,34.06217,-118.23561,Powerplant Superfood Cafe,4.5,639
vegetarian,,34.06217,-118.23561,Prank,4.5,639
tex-mex,,34.09979,-118.29021,Preux & Proper,4.5,958
tex-mex,,34.09979,-118.29021,Prime Cutts,4.5,959
korean,,34.06929876,-118.3072839,Prime Pizza,4.5,357
foodstands,,34.07257747,-118.2146945,Proof Bakery,4.5,899
ramen,FALSE,34.05736144,-118.3067697,Proper Pizza and Pasta,4.5,4051
tex-mex,,34.09979,-118.29021,Prospect Gourmand,4.5,960
tex-mex,,34.09979,-118.29021,Providence,4.5,960
italian,FALSE,34.08319,-118.33881,Public Kitchen and Bar,4,2711
izakaya,,34.04539672,-118.2383287,Public School 213,3.5,1410
tradamerican,,34.097487,-118.368268,Pura Vita,4,617
seafood,,34.12591,-118.26336,Purgatory Pizza,4,298
breakfast_brunch,,34.03269854,-118.343423,Qin West Noodle,4,751
cafes,,34.0768811,-118.2580069,Quarters Korean BBQ,4.5,232
sandwiches,,34.04931885,-118.260798,R Bar,4.5,752
cafes,,34.0768811,-118.2580069,Raffi's Place,4.5,232
beerbar,,34.07754966,-118.2647322,Rahel Ethiopian Vegan Cuisine,4,2365
korean,,34.0575395,-118.3072592,Rainbow Bar & Grill,4.5,86
tapasmallplates,,34.10052,-118.32927,Rakkan Ramen-DTLA,4.5,968
korean,,34.0575395,-118.3072592,Ramen Hood,4.5,90
korean,,34.0575395,-118.3072592,Ramen Koo,4.5,90
newamerican,,34.0690575,-118.226105,Ramen of York,4,835
korean,,34.0575395,-118.3072592,Rao's - Los Angeles,4.5,92
korean,,34.0575395,-118.3072592,Rappahannock Oyster Bar - DTLA,4.5,92
burgers,,34.10430207,-118.2915813,Rascal,4,113
southern,,34.024758,-118.284446,Rasselbock L.A. Kitchen & Beer Garden,4,133
korean,,34.0637349,-118.2943728,Raw Cane Super Juice Bar,4,1081
italian,,34.046459,-118.238403,Ray's and Stark Bar,4.5,700
korean,,34.06279582,-118.2977393,Red Lion Tavern,4.5,463
korean,,34.06279582,-118.2977393,Red's Flavor Table,4.5,460
korean,,34.06279582,-118.2977393,Redbird,4.5,461
italian,,34.08333668,-118.3139372,Reggie's Deli & Cafe,4,1850
bars,,34.101913,-118.336041,République,4,17
bars,,34.101913,-118.336041,Restaurante Tierra Caliente,4,18
bars,,34.101913,-118.336041,Revolutionario: North African Tacos,4,19
chicken_wings,,34.0835736,-118.3431347,Rice & Nori,4,855
chicken_wings,,34.0835736,-118.3431347,Rice Guys,4,855
chicken_wings,,34.0835736,-118.3431347,RiceBox,4,856
chicken_wings,,34.0835736,-118.3431347,Rich's BBQ,4,856
indpak,,34.04013967,-118.3085835,Ricky's Fish Tacos,4,223
southern,,34.061517,-118.239716,Rikas Peruvian Cuisine,4.5,5619
foodtrucks,,34.114824,-118.269945,RioZonas Açaí,4.5,1158
southern,,34.061517,-118.239716,Road To Seoul,4.5,5624
southern,,34.061517,-118.239716,Robata JINYA,4.5,5624
southern,,34.061517,-118.239716,Robert's Russian Cuisine,4.5,5630
bbq,,34.05381,-118.29196,ROC Sawtelle,4,1652
southern,,34.061517,-118.239716,Rocco's Italian Market and Deli,4.5,5630
italian,,34.07353573,-118.3595324,Rocco's Neighborhood Pizza,4,1797
thai,,34.09784367,-118.3183377,Rock'N Fish,4.5,1711
thai,,34.09784367,-118.3183377,RockSugar Southeast Asian Kitchen,4.5,1712
southern,,34.0498186,-118.3596124,Rockwell Table & Stage,4.5,597
chinese,,34.09807939,-118.3446622,Rodini Park,4,559
chinese,,34.09807939,-118.3446622,Roji Bakery,4,561
japanese,,34.08337872,-118.3455963,Roll Call,4.5,526
mexican,,34.0715151,-118.3622707,Roll Roll Roll,4,1106
sandwiches,,34.0974499,-118.349941,Ronnie's Diner,4.5,660
mediterranean,,34.072591,-118.370769,Ronnie's Kickin Chicken,4.5,160
italian,,34.0711906,-118.3599417,Roots & Rye,4,1164
mediterranean,,34.072591,-118.370769,RoRo's Chicken,4.5,160
cafes,FALSE,34.05218,-118.28737,Rosa Mexicano,5,88
cafes,,34.0344334,-118.2916849,Rosalind's Ethiopian Restaurant,4,693
mediterranean,FALSE,34.0473515,-118.3762949,Rosaline,4.5,258
breakfast_brunch,,34.151896,-118.352076,Roscoe's House of Chicken & Waffles,4.5,382
breakfast_brunch,,34.151896,-118.352076,Rossoblu,4.5,381
coffee,,34.0835863,-118.3623821,Ruam Mitr,4.5,428
himalayan,,34.016931,-118.41051,RUBIES+DIAMONDS,4,1079
gastropubs,,34.10532,-118.27257,Ruen Pair,4,847
yoga,,34.0675929,-118.3615449,Running Goose,4.5,129
italian,,34.10186222,-118.3124936,Rutt's Hawaiian Cafe,4.5,356
tradamerican,,34.158376,-118.36992,S'moreology,4,973
tradamerican,,34.158376,-118.36992,Sabor Colombiano,4,974
ramen,,34.05844,-118.3087,Sabor Nicaragüense Restaurant,4.5,202
vegetarian,,34.092237,-118.282076,Saddle Ranch Chop House,4,691
italian,FALSE,34.03402,-118.22919,Sage Plant Based Bistro and Brewery Echo Park,4.5,5857
ramen,,34.05844,-118.3087,Sage Vegan Bistro - Echo Park,4.5,204
ramen,,34.05844,-118.3087,Saikai Ramen Bar,4.5,205
italian,,34.02647,-118.24329,Saint Felix,5,148
italian,,34.02647,-118.24329,Saint Marc,5,148
juicebars,,34.06876,-118.26261,Sakana Sushi Lounge,4.5,726
mexican,FALSE,34.0715151,-118.3622707,Sake House Miro,4,1107
burgers,,34.09954,-118.32911,Sakura Japanese Restaurant,4,2031
italian,,34.103042,-118.291857,Salazar,4,945
italian,,34.103042,-118.291857,Salt's Cure,4,945
italian,,34.0257771,-118.2841401,Same Same,4.5,45
breweries,,34.055713,-118.23663,Sanamluang Cafe,4,243
breweries,,34.055713,-118.23663,Santuari Restaurant,4,244
breweries,,34.055713,-118.23663,Sapp Coffee Shop,4,245
burgers,,33.9537021,-118.3967718,Sarita's Pupuseria,4,1483
burgers,,33.9537021,-118.3967718,Sawyer,4,1484
indpak,,34.095583,-118.28517,Sea Dragon Chinese Restaurant,4.5,2205
persian,,34.04764,-118.43542,Sea Salt Poke,4.5,856
indpak,,34.095583,-118.28517,Seasalt Fish Grill,4.5,2206
indpak,,34.095583,-118.28517,Seaweed Hand Roll Bar,4.5,2207
coffee,,34.04967263,-118.2418692,Señor Fish,4,993
indpak,,34.0621767,-118.3481449,Señorita's Tamales,4,1254
indpak,,34.091245,-118.3288067,Seongbukdong,4,264
gastropubs,FALSE,34.06449,-118.30891,Seorae Village Pork BBQ,4,78
newamerican,,34.0486928,-118.2556854,Severance,4,1238
japanese,,34.04638,-118.23543,Shabu Hyang,4,518
japanese,,34.04638,-118.23543,Shabu Shabu House,4,518
latin,,34.08321,-118.32848,ShaBuShi,4.5,282
thai,,34.07411227,-118.3094354,Shabuya,4,588
vietnamese,,34.1045859,-118.330197,Shake Shack,4,842
sushi,,34.061407,-118.309408,Shaky Alibi,4,1311
vegan,,34.09121041,-118.2794272,Shamshiri Grill,4,1159
vietnamese,,34.1045859,-118.330197,Shaquille’s,4,841
bars,,34.10605,-118.25694,SharksTeeth,4.5,332
bars,,34.10605,-118.25694,Shekarchi Restaurant,4.5,332
ramen,FALSE,33.9583942,-118.3941804,Shibumi,4.5,1180
dimsum,,34.09779,-118.3183,Shin Ramen,4.5,566
bars,,34.05011891,-118.2414611,Shin-Sen-Gumi Hakata Ramen - Little Tokyo,4,897
bars,,34.05011891,-118.2414611,Shintaro Sushi,4,898
sushi,,34.0491747,-118.2394231,Shojin Culver City,4,305
sushi,,34.06068,-118.30621,Shojin Downtown,4.5,44
sushi,,34.08449667,-118.3842667,Shrimp Daddy,4.5,67
sushi,,34.08449667,-118.3842667,Shuto Izakaya,4.5,68
breakfast_brunch,,34.01242,-118.30925,Siam Sunset,4.5,212
breakfast_brunch,,34.02876,-118.27517,Sidewalk Grill,4,2009
breakfast_brunch,,34.02876,-118.27517,Silverlake Ramen,4,2010
breakfast_brunch,,34.02876,-118.27517,Simpang Asia,4,2010
breakfast_brunch,,34.02876,-118.27517,Simple Things 3rd Street,4,2011
breakfast_brunch,,34.02876,-118.27517,Simply D'Licious,4,2011
mideastern,,34.07182,-118.36556,Simply Pho You,4,260
mideastern,,34.07182,-118.36556,Simply Wholesome,4,261
mideastern,,34.0208867,-118.4027079,Singapore's Banana Leaf,4.5,73
mideastern,,34.0208867,-118.4027079,Sinopot Hot Pot 嗨锅,4.5,73
korean,,34.05618286,-118.3094025,Sizzler,4,617
italian,,34.045168,-118.256526,Sky's Gourmet Tacos,4,1601
newamerican,,34.10394,-118.3248,Slab,4,80
brazilian,FALSE,34.061358,-118.310453,Slicey's Pizza,4.5,1981
korean,,34.05215799,-118.2921982,Slurpin' Ramen Bar,4.5,34
korean,,34.06012,-118.29128,Small Town,4.5,88
salvadoran,,34.0763908,-118.3068031,Smorgasburg,4,399
korean,,34.05244,-118.29234,SOL Mexican Cocina,4,356
korean,,34.06273,-118.30946,Somni,4,197
korean,,34.06125,-118.28738,Son of a Gun,4.5,36
korean,,34.06125,-118.28738,Song Hak Korean BBQ 松鹤韩国烤肉烤肠,4.5,37
chicken_wings,,34.0905951,-118.3255861,SongDo Seafood,4.5,324
chicken_wings,,34.0905951,-118.3255861,Sonoratown,4.5,325
hawaiian,,34.00442569,-118.4216071,Sonoritas Prime Tacos,4,1650
chicken_wings,,34.0905951,-118.3255861,Soom Soom Fresh Mediterranean,4.5,325
thai,,34.06876,-118.30948,Soot Bull Jeep,4.5,1111
chicken_wings,,34.0905951,-118.3255861,Soowon Galbi KBBQ Restaurant,4.5,326
chicken_wings,,34.0905951,-118.3255861,Soregashi,4.5,326
breakfast_brunch,,34.08307,-118.28427,Sorra,4.5,193
breakfast_brunch,,34.08307,-118.28427,Souffles,4.5,193
breakfast_brunch,,34.08307,-118.28427,Southland Beer,4.5,194
korean,FALSE,34.04847,-118.30867,Spago,4,3653
breakfast_brunch,,34.08307,-118.28427,Spare Tire Kitchen & Tavern,4.5,194
korean,,34.06929876,-118.3072839,Spartina,4.5,357
ramen,,34.04867,-118.25753,Speranza,4,325
pizza,FALSE,34.08325224,-118.3388012,Spice Affair Beverly Hills Indian Restaurant,4,4166
pizza,,34.09100997,-118.2977629,Spicy BBQ Restaurant,4.5,1101
ramen,,34.04867,-118.25753,Spitz - Eagle Rock,4,326
thai,,34.09853771,-118.3040884,Spitz - Little Tokyo,3.5,1923
thai,,34.09853771,-118.3040884,Spitz - Los Feliz,3.5,1924
mexican,,34.0214793,-118.4025151,Spoke Bicycle Cafe,4,1591
korean,,34.0622606,-118.2975594,Spoon & Pork,4,857
korean,,34.0622606,-118.2975594,Spoon By H,4,858
breakfast_brunch,,34.072893,-118.37179,Spread Mediterranean Kitchen,4,2248
breakfast_brunch,,34.06301,-118.30622,Spring Street Bar,4,1192
steak,,34.06783442,-118.376046,Spring Street Smoke House,4,3858
breakfast_brunch,,34.072893,-118.37179,Sqirl,4,2249
breakfast_brunch,,34.072893,-118.37179,Square One Dining,4,2249
korean,FALSE,34.06012,-118.29128,Ssa Rit Gol,4.5,1143
breakfast_brunch,,34.072893,-118.37179,Ssam Korean BBQ,4,2250
breakfast_brunch,,34.072893,-118.37179,ST. ANNE'S,4,2250
mediterranean,,34.13318253,-118.3571548,Star Night,4.5,1939
newamerican,,34.048111,-118.258345,Stella Barra Pizzeria,4.5,334
newamerican,,34.048111,-118.258345,Stevie's Creole Cafe,4.5,339
newamerican,,34.048111,-118.258345,Sticky Rice,4.5,339
burgers,,34.0951603,-118.2831401,Stone Grill,4.5,739
newamerican,,34.048111,-118.258345,Stout Burgers & Beers,4.5,347
newamerican,,34.048111,-118.258345,Street Food Of Seoul,4.5,347
vegan,,34.08342,-118.37011,Street Level Cafe,4,1947
italian,,34.1037812,-118.2872479,Street Tacos and Grill,4.5,776
korean,,34.06383879,-118.2968279,Suehiro Cafe,4.5,106
korean,,34.06383879,-118.2968279,SUGARFISH by sushi nozawa,4.5,107
italian,,34.0786401,-118.3613451,Sulga Jinju Gom Tang House of Beef Soup,4,1545
italian,,34.0786401,-118.3613451,Summer Buffalo,4,1547
korean,,34.06367623,-118.2954743,Sun Nong Dan,4.5,619
korean,,34.06367623,-118.2954743,SunCafe Organic,4.5,617
indpak,,34.07644,-118.34711,Sunnin Lebanese Cafe,4.5,836
lounges,,33.99689,-118.42654,Sunny's Sushi Hut,4,1467
korean,,34.06663548,-118.3087384,Super Tortas DF,4.5,151
persian,,34.12988346,-118.3487304,Supremo,4.5,142
kosher,,34.0540991,-118.3809107,Sushi Enya,4.5,225
japanese,,34.0472018,-118.2388601,Sushi Fumi,4.5,607
japanese,,34.0472018,-118.2388601,Sushi Gen,4.5,607
japanese,,34.0621807,-118.348153,Sushi Go 55,4.5,1514
ramen,,34.07755,-118.37695,Sushi Hon,4.5,176
ramen,,34.07755,-118.37695,Sushi Ippo,4.5,177
ramen,,34.10376,-118.3284,Sushi One,4.5,65
newamerican,,34.0833651,-118.3242882,Sushi Ye,4.5,491
newamerican,,34.0833651,-118.3242882,Sushi Zo,4.5,492
french,,34.13921,-118.20414,SushiStop,4.5,1385
bbq,,34.0637349,-118.2972751,Sustainabowl,4.5,4111
bbq,,34.0637349,-118.2972751,Sweet Chick,4.5,4112
mideastern,,34.04151,-118.23261,Sweet Lady Jane Bakery,4.5,1066
japanese,,33.96185,-118.4214,sweetgreen,4,1403
cocktailbars,,34.07294,-118.37494,Swingers Diner,4,1834
japanese,,33.96185,-118.4214,Ta-eem Grill,4,1405
seafood,,34.04903713,-118.2546909,Taco Zone,4,1996
hotdog,,34.06577,-118.30847,Tacos Delta,4.5,685
chinese,,34.053655,-118.319659,Tacos El Compita,4.5,540
sushi,,33.95771303,-118.3959741,Tacos Los Poblanos,4,618
sandwiches,,34.05165,-118.2552,Tacos Tu Madre,4.5,764
sushi,,33.95771303,-118.3959741,Tacos Tumbras a Tomas,4,617
lounges,,34.092322,-118.3383862,Tacos Villa Corona,4,1049
vegan,,34.077123,-118.258714,Tacos y Birria La Unica,4,2150
breakfast_brunch,,34.0532,-118.37709,Tactile Coffee,4,803
sushi,,33.95771303,-118.3959741,Taix French Restaurant,4,619
mediterranean,,34.076017,-118.3525949,Taj Mahal of India Restaurant,4,681
ramen,,34.0049599,-118.43359,Takami Sushi & Robata Restaurant,4.5,2210
breweries,,34.04795631,-118.2561892,Tam O'Shanter,4.5,653
breweries,,34.04795631,-118.2561892,Tamales Alberto,4.5,654
indonesian,,34.0500163,-118.2433566,TAO Asian Bistro,4.5,391
indonesian,,34.0500163,-118.2433566,Taqueria Los Anaya,4.5,391
wine_bars,,34.06836097,-118.343933,Tara's Himalayan Cuisine,4.5,89
japacurry,,34.06191,-118.31437,Tart Restaurant,4.5,211
breakfast_brunch,,34.10296,-118.28719,Taste of Tehran,4,2726
japacurry,,34.06191,-118.31437,Taste on Melrose,4.5,212
sushi,,34.04763906,-118.2477476,Tasty Grill,4.5,2578
sushi,,34.04763906,-118.2477476,Tasty Noodle House,4.5,2580
sushi,,34.06372,-118.36446,Tatsu Ramen,5,7
sushi,,34.06372,-118.36446,Taylor's Steakhouse,5,8
pakistani,,34.0693318,-118.2925028,TBLA Catering & Cafe,4.5,812
sushi,,34.06372,-118.36446,Te'Kila,5,8
filipino,,34.095634,-118.292729,Teddy's Red Tacos,4.5,941
sushi,,34.06372,-118.36446,Ten Ramen,5,9
sushi,,34.06372,-118.36446,Ten-Raku,5,9
italian,,34.0907745,-118.2779437,Tengoku Ramen Bar,3.5,378
mexican,,34.05077936,-118.2490361,Tenno Sushi,4.5,981
sushi,,34.07531437,-118.3235785,Tere's Mexican Grill,4,396
mexican,,34.04675,-118.28247,Terra,3.5,1003
mexican,,34.04675,-118.28247,Terra Cotta,3.5,1004
coffee,,34.0571317,-118.3639872,Terroni,4.5,372
breakfast_brunch,,34.04510085,-118.251948,Terroni Downtown,3.5,1907
mexican,,34.04675,-118.28247,TGI Korean BBQ,3.5,1004
breakfast_brunch,,34.05744023,-118.3451571,Thai Angel,5,216
korean,,34.052144,-118.310428,Thai Patio,4,1614
izakaya,,34.04668989,-118.2385837,Thank U Pho,4.5,335
mediterranean,,34.1002441,-118.2906102,Thank You For Coming,4,429
mexican,,34.00973815,-118.2652859,The 3rd Stop,4.5,422
mediterranean,,34.1002441,-118.2906102,The 8th Notch,4,429
chicken_wings,,34.0628631,-118.3062672,The Apple Pan,4,172
chicken_wings,,34.0628631,-118.3062672,The Backhouse,4,172
cafes,,34.06273,-118.30946,The Bazaar by José Andrés,4,630
korean,,34.06012,-118.29128,The Bento Place,4.5,1142
korean,,34.06012,-118.29128,The Black Cat,4.5,1143
korean,,34.025032,-118.285465,The Black Fig,4.5,150
korean,,34.025032,-118.285465,The Black Sheep,4.5,150
korean,,34.025032,-118.285465,The Boiling Crab,4.5,151
korean,,34.025032,-118.285465,The Buffalo Spot,4.5,151
bbq,,34.13742,-118.1954,The Bun Shop,4,606
bbq,,34.13742,-118.1954,The Burrow,4,607
mexican,,34.02450481,-118.4111812,"The Butcher, The Baker, The Cappuccino Maker",3.5,560
hotdog,FALSE,34.04560471,-118.2360611,The Capri Italian,4,8184
mexican,,34.02450481,-118.4111812,The Carving Board,3.5,561
korean,,34.04777,-118.25684,The Cheesecake Factory,4.5,45
korean,,34.04777,-118.25684,THE CLOUDY GARLIC,4.5,46
sushi,,34.0484675,-118.2402491,The Coffee Company,4.5,1283
diners,,34.046219,-118.248992,The Coop Pizza,4,2394
sushi,,34.0484675,-118.2402491,The Cork,4.5,1283
korean,,34.04909474,-118.240458,The Counter Downtown LA,4,323
grocery,,34.052237,-118.308515,The Crack Shack,4,276
chicken_wings,,34.06012,-118.29128,The Den on Sunset,4,498
grocery,,34.052237,-118.308515,The Dog Cafe,4,276
japanese,,34.04883,-118.24147,The Doughroom,3.5,997
japanese,,34.04883,-118.24147,The Dragon and Meeple,3.5,997
vietnamese,,34.0533378,-118.3089351,The Dresden Restaurant,4.5,602
asianfusion,,34.0501099,-118.25794,The Edmon,4,147
asianfusion,,34.0501099,-118.25794,The Empanada Factory,4,147
cafes,,34.0522237,-118.37115,The Escondite,4.5,435
asianfusion,,34.0501099,-118.25794,The Exchange Restaurant,4,149
asianfusion,,34.0501099,-118.25794,The Factory Kitchen,4,149
sushi,,34.0487781,-118.2406613,The Faculty,3.5,1315
delis,,34.060099,-118.238083,The Fix Burger,4,1653
sushi,,34.0487781,-118.2406613,The Front Yard,3.5,1316
sushi,,34.0487781,-118.2406613,The Grain Cafe,3.5,1316
sushi,,34.0487781,-118.2406613,The Griddle Cafe,3.5,1318
sushi,,34.0487781,-118.2406613,The Griffin,3.5,1318
seafood,,34.08902,-118.26905,The Halal Guys,4,605
mexican,,34.03225095,-118.3346438,The Hart and the Hunter,4.5,89
pizza,,34.09906,-118.33728,The Heights Deli & Bottle Shop,4.5,313
pizza,,34.09906,-118.33728,The Henry,4.5,314
pizza,,34.09906,-118.33728,The Highlight Room Grill,4.5,318
pubs,,34.1015151,-118.3233109,The Honor Bar,4,855
mexican,,34.03392016,-118.291485,The Ivy,4,827
newamerican,,34.08251,-118.32332,The Izaka-Ya by Katsu-Ya West Hollywood,4,549
mexican,,34.03392016,-118.291485,The Joint Eatery,4,827
mexican,,34.03392016,-118.291485,The Kickin' Crab - Los Angeles,4,828
mexican,,34.03392016,-118.291485,The Kickin’ Crab,4,828
ramen,,34.05908,-118.34485,The Kimbap,4,408
breakfast_brunch,,34.08222,-118.30948,The Kitchen,5,1
breakfast_brunch,,34.08222,-118.30948,The Kluckin Chicken,5,1
bbq,,34.061357,-118.238547,The Little Door,5,101
seafood,,34.04768,-118.32254,The Little Easy,4.5,829
burgers,,34.047441,-118.293926,The Lobos Truck,4,1958
mexican,,34.08077567,-118.2614835,The Lyric Hyperion Theatre & Cafe,4.5,650
bbq,,34.06383505,-118.305978,The Magic Castle,4.5,674
seafood,,34.04768,-118.32254,The Morrison,4.5,829
japanese,FALSE,34.0621807,-118.348153,The Naughty Pig,4.5,1515
seafood,,34.04768,-118.32254,The NoMad Restaurant,4.5,830
seafood,,34.04768,-118.32254,The Oinkster,4.5,830
seafood,,34.05013744,-118.2424222,The Overland Tap + Kitchen,4,1196
mexican,,34.06198,-118.3456,The Oyster Gourmet,4.5,6
brazilian,FALSE,34.04665,-118.25616,The Palm Los Angeles,4.5,200
mexican,,34.06175,-118.21331,The Park,4,472
mexican,,34.02922204,-118.3891597,The Park's Finest,4.5,173
colombian,,34.083723,-118.311995,The Parker Room,4,412
mexican,,34.0571939,-118.2384039,The Parlor,3.5,928
mexican,,34.0571939,-118.2384039,The Penthouse at Mastro's,3.5,928
mexican,,34.0571939,-118.2384039,The Pie Hole,3.5,930
mexican,,34.0571939,-118.2384039,The Pikey,3.5,930
cuban,,34.05271,-118.37648,The Porter Junction Cafe,4,1438
thai,,34.09850278,-118.3061313,The Punchbowl,4,1400
mexican,,34.0514859,-118.2179234,The Ramen Joint,4,23
mexican,,34.0571051,-118.2380554,The Red Chickz,4.5,333
korean,,34.0691149,-118.3073648,The Ricans Food,5,4
mexican,,34.0938088,-118.3268092,The Roof on Wilshire,4.5,413
mexican,,34.0938088,-118.3268092,"The Rooftop at The Standard, Downtown LA",4.5,414
korean,,34.10097,-118.29842,The Room Sushi Bar,3.5,2067
spanish,,34.06941,-118.3748,The Semi-Tropic,4,620
desserts,,34.10145873,-118.3271163,The Silver Lake House,4,449
vegetarian,,34.077812,-118.264616,The Sit Down,4.5,739
italian,,34.1037812,-118.2872479,The Six Chow House,4.5,776
italian,,34.1037812,-118.2872479,The Stand,4.5,776
italian,,34.08233,-118.27219,The Stinking Rose,4.5,79
breakfast_brunch,,34.0474472,-118.3462296,The Stocking Frame,4,2752
latin,,34.04515746,-118.3284447,The Sunset Trocadero Lounge,3.5,13
steak,,34.05227932,-118.2557194,The Sycamore Kitchen,4,902
steak,,34.05227932,-118.2557194,The Teriyaki House Pico,4,903
mediterranean,FALSE,34.076017,-118.3525949,The Thai Thing,4,682
steak,,34.05227932,-118.2557194,The Trails,4,904
wine_bars,,34.083525,-118.363209,The Vegan Hooligans,4.5,272
korean,,34.06404114,-118.288063,The Vegan Joint,4.5,463
salvadoran,,34.03876,-118.28075,The Venue,4.5,210
mediterranean,,34.1023799,-118.32715,The Village Bakery and Cafe,4,1704
salvadoran,,34.03876,-118.28075,The Village Idiot,4.5,210
newamerican,,34.054358,-118.251339,The Waffle,4,1878
filipino,,34.095634,-118.292729,The Woodman,4.5,940
korean,FALSE,34.068589,-118.309513,Thirteen XIII Soju Bar,5,18
filipino,,34.095634,-118.292729,Three Borders Brunch & Grill,4.5,940
japanese,,34.0472018,-118.2388601,Tiago Coffee Bar & Kitchen,4.5,607
filipino,,34.095634,-118.292729,Tipsi,4.5,941
filipino,,34.095634,-118.292729,Tire Shop Taqueria,4.5,941
ethiopian,,34.0570974,-118.3641842,Tirsa's,4.5,335
argentine,,34.083643,-118.347297,Tlayuda La Restaurant,4,1899
ethiopian,,34.0571,-118.36465,To Soc Chon,4.5,330
cafes,,34.0609448,-118.3446759,Toast Bakery Cafe,4.5,965
newamerican,,34.09571657,-118.2844531,Toasted and Roasted,4,1411
delis,,34.05609,-118.27658,Toca Madera,4.5,3614
italian,FALSE,34.07642,-118.34909,Tocaya Organica - Hollywood,4.5,1726
delis,,34.05609,-118.27658,Todo Verde,4.5,3614
delis,,34.05609,-118.27658,Toe Bang Cafe,4.5,3616
seafood,,34.0728,-118.37363,Tofu Ya,4.5,663
breakfast_brunch,,34.039413,-118.232504,TOI On Sunset,4,1652
delis,,34.05609,-118.27658,Tokyo Cube,4.5,3616
taiwanese,,34.0614,-118.23951,Tokyo Hamburg,4,404
taiwanese,,34.0614,-118.23951,Tom's Urban - LA Live,4,405
taiwanese,,34.0614,-118.23951,Tommy's Original World Famous Hamburgers,4,405
mediterranean,,34.0482095,-118.2398789,Top Round Roast Beef,4,1594
italian,FALSE,34.07117,-118.37702,Torelli Trattoria,5,51
taiwanese,,34.0614,-118.23951,Torigoya,4,409
foodtrucks,,34.0583969,-118.1912081,Torung Restaurant,4.5,1176
delis,FALSE,34.0476,-118.317234,Toscanova,4.5,1337
izakaya,,34.04668989,-118.2385837,TOT / Teishokuya of Tokyo,4.5,335
taiwanese,,34.0614,-118.23951,Totoyama Sushi & Ramen,4,409
cafes,,34.07718,-118.26406,Tracey's Belizean Restaurant,4.5,246
cafes,,34.07718,-118.26406,Trattoria Bella Roma,4.5,246
cafes,,34.07718,-118.26406,Tray DTLA,4.5,248
cafes,,34.07718,-118.26406,Trejo's Cantina - Hollywood,4.5,248
beer_and_wine,,34.075313,-118.323881,Trejos Tacos - La Brea,4.5,886
beer_and_wine,,34.075313,-118.323881,Trencher,4.5,887
japanese,,34.049705,-118.239652,Tribal Cafe,4.5,1336
filipino,,34.06149597,-118.2395685,Tripp Burgers,4,435
filipino,,34.06149597,-118.2395685,Trois Mec,4,436
coffee,,34.06606033,-118.2602199,Trophy Wife Bar,5,8
coffee,,34.06606033,-118.2602199,Tropicalia Brazilian Grill,5,10
seafood,,34.04712,-118.25708,Truxton's American Bistro,4.5,157
seafood,,34.04712,-118.25708,Tsubaki,4.5,156
korean,,34.04847,-118.30867,Tsujita LA Artisan Noodle,4,3651
coffee,,34.04898266,-118.239841,Tsujita LA Artisan Noodle Annex,4,2117
greek,,34.07393,-118.32398,Tsuri,3.5,411
french,,34.08375379,-118.3240469,Tsurumaru Udon Honpo,4,163
argentine,,34.083643,-118.347297,Tuscan Son,4,1899
french,,34.08375379,-118.3240469,Twozone Chicken - 8th,4,162
sushi,,34.04882,-118.25135,U Pick Cafe,4,876
dimsum,,34.07577,-118.36982,Ubatuba Acai - Koreatown,4,2784
brazilian,,33.99933153,-118.4183068,Umami Burger - Arts District,4,805
bbq,,34.061357,-118.238547,Umami Burger - Broadway,5,101
korean,,34.0669316,-118.2921742,Umami Burger - Hollywood,4.5,990
chickenshop,,34.04183631,-118.2590469,Umami Burger - Los Feliz,4,1738
burgers,,33.9537021,-118.3967718,Umami Burger - The Grove,4,1485
indonesian,FALSE,34.0500163,-118.2433566,Umeda,4.5,392
french,,34.0481,-118.24846,un solo sol,4,1112
french,,34.0481,-118.24846,Uncle John’s Cafe,4,1113
donuts,,34.121434,-118.204387,Undergrind Cafe,4.5,2237
french,,34.0481,-118.24846,Uovo- Mid-Wilshire,4,1113
french,,34.0481,-118.24846,URBAN cate,4,1114
italian,,34.0554157,-118.4420081,Urban Ramen,4.5,901
french,,34.0481,-118.24846,Urban Skillet,4,1114
newamerican,,34.08251,-118.32332,Urth Caffé- Downtown LA,4,547
thai,,34.0761749,-118.372852,Urth Caffé- Melrose,4,878
newamerican,,34.08251,-118.32332,V,4,549
tacos,,34.0416441,-118.2522657,Vees Cafe,4.5,723
mexican,,34.01744,-118.2783,Vegan Glory,4.5,1188
bbq,,34.0513649,-118.3086929,Veggie Grill,4.5,1112
korean,,34.05279,-118.30607,Veggie House,4,1042
foodtrucks,,34.046438,-118.345718,Velvet Margarita,4.5,1743
foodtrucks,,34.09866714,-118.3098907,Vernetti,4,272
foodtrucks,,34.046438,-118.345718,Versailles,4.5,1745
foodtrucks,,34.09866714,-118.3098907,Versailles Cuban Food,4,273
lounges,FALSE,34.092322,-118.3383862,Vespaio,4,1049
bakeries,,34.0789742,-118.361875,Vibrato Grill Jazz,3.5,3587
seafood,,34.10128,-118.31841,Villa Moreliana,4,2655
foodtrucks,,34.046438,-118.345718,Village Pizzeria,4.5,1745
armenian,,34.10137,-118.30125,Vinoteca Farfalla,4.5,661
italian,,34.068109,-118.408288,Vito's Pizza,4.5,766
sushi,,34.08319167,-118.273245,Volcano Tea House,4.5,632
foodtrucks,,34.09866714,-118.3098907,VOWburger,4,273
newamerican,,34.04939,-118.256506,Vromage,4,1755
gastropubs,,34.03602,-118.23305,Wafflejack,3.5,765
italian,,34.11092,-118.28721,Wah's Golden Hen,3.5,1530
newamerican,,34.0044481,-118.4311095,Wahlburgers,4,531
newamerican,,34.0044481,-118.4311095,Wake and Late,4,531
newamerican,,34.0044481,-118.4311095,Wako Donkasu,4,535
newamerican,,34.0044481,-118.4311095,Waku Waku Sakebar,4,535
delis,,34.060099,-118.238083,Wat Dong Moon Lek Noodle,4,1652
delis,,34.060099,-118.238083,Water Grill - Los Angeles,4,1653
caribbean,,33.9880618,-118.3592158,Wax Paper,4,242
newamerican,FALSE,34.07619,-118.25656,Western BBQ,4.5,53
caribbean,,33.9880618,-118.3592158,Western Doma Noodles,4,243
french,,34.07206,-118.36735,Westside Tavern,4,1813
thai,,34.1014312,-118.3029659,Wexler's Deli,3.5,1469
vegan,,34.10768,-118.26677,Wi Korean BBQ,4.5,827
cafes,,34.03734,-118.38892,Wild Living Foods,4.5,680
vegan,,34.10768,-118.26677,Wings & Pot,4.5,828
vegan,,34.10768,-118.26677,Wings N Stuff,4.5,830
vietnamese,,34.04721535,-118.2561958,Wirtshaus,4,1447
tradamerican,,34.13950729,-118.2105179,With Love Market & Cafe,4,3557
vietnamese,,34.04721535,-118.2561958,Wok Bar,4,1449
desserts,,34.04489525,-118.2386452,Wokcano,4.5,92
seafood,,34.0269938,-118.408793,Wokcano Asian Restaurant & Bar,4,626
seafood,,34.0269938,-118.408793,Won Kok Restaurant,4,627
seafood,,34.0269938,-118.408793,Wood,4,627
breakfast_brunch,,34.083817,-118.273853,Wood & Vine,4,809
breakfast_brunch,,34.083817,-118.273853,Wood Ranch BBQ & Grill,4,809
italian,,34.07339,-118.3809,Wood Spoon,4.5,479
bakeries,,33.9978246,-118.4203116,Woon,4,564
ramen,,34.0379018,-118.4408416,WP24,4,1451
tikibars,,34.10187,-118.33383,Wurstküche,4.5,358
taiwanese,,34.05816758,-118.4173103,Xtiosu Kitchen,4,1131
african,,34.02523,-118.29857,Yai Restaurant,4.5,538
breakfast_brunch,,34.04676,-118.25099,Yamashiro Hollywood,4,928
mideastern,,34.0983351,-118.2977342,Yami Yaki,4.5,45
peruvian,,34.09592,-118.32643,Yang Chow,3.5,442
japanese,,34.040285,-118.442672,Yang San Bak,4,1591
peruvian,,34.15009,-118.3781,Yangji Gamjatang,4,88
peruvian,,34.15009,-118.3781,Yangmani,4,89
peruvian,,34.15009,-118.3781,Yard House,4,89
streetvendors,,34.0452489,-118.2353477,Yardbird Southern Table & Bar,5,79
southern,FALSE,34.0498186,-118.3596124,YAZAWA,4.5,597
streetvendors,,34.0452489,-118.2353477,Yellow House Cafe,5,79
chicken_wings,,34.06309,-118.29754,Young King,4.5,80
french,,34.1023817,-118.2916178,YTB Korean Restaurant,4.5,95
seafood,,34.04768,-118.32254,Yuca's,4.5,831
french,,34.1023817,-118.2916178,Yuchun,4.5,99
chicken_wings,,34.0833,-118.34999,Yuk Dae Jang,4,371
chicken_wings,,34.0833,-118.34999,Yuko Kitchen,4,371
cannabisdispensaries,,34.09266,-118.34442,Yup Dduk La,4,5
cannabisdispensaries,,34.09266,-118.34442,Yupdduk Olympic,4.5,6
cannabisdispensaries,,34.09266,-118.34442,Yxta Cocina Mexicana,4,8
ethiopian,,34.03975,-118.30376,Zankou Chicken,5,2
ethiopian,,34.03975,-118.30376,Zankou Chicken - Hollywood,5,2
breakfast_brunch,,34.07644,-118.34539,Zinc Cafe & Market,4.5,147
thai,,34.09773,-118.335936,Zinqué,4,784
mexican,,33.95998,-118.41685,Zweet Cafe,4.5,1927
brazilian,,34.061358,-118.310453,Zzamong,4.5,1980
brazilian,,34.061358,-118.310453,いざかや おせん- IZAKAYA OSEN,4.5,1980